,Compound,Date,Negative,Neutral,Positive,Source,Text
439,0.0,2018-02-26 16:17:55,1.0,0.0,0.0,CBS,"RT @CBSSports: Introducing CBS Sports HQ, a New 24/7 Direct-to-Consumer Streaming Network for Sports News, Highlights, &amp; Analysis.

Stream‚Ä¶"
438,0.0,2018-02-26 16:52:01,1.0,0.0,0.0,CBS,"#LivingBiblically's @linzkraft and @jrfergjr appeared on @KCBS's Facebook Live this morning, talking all about what‚Ä¶ https://t.co/4RebcHuuMQ"
437,-0.5423,2018-02-26 16:53:56,0.816,0.184,0.0,CBS,"RT @thegoodfight: As foundations begin to crumble, our characters struggle to make sense of this new dystopian world. The cast teases what'‚Ä¶"
436,0.9359,2018-02-26 18:20:16,0.571,0.0,0.429,CBS,RT @TheTalkCBS: TODAY: We loved them together then &amp; we love seeing them together now! Welcome back to the show @THESaraGilbert‚Äã's good fri‚Ä¶
435,0.784,2018-02-26 18:32:36,0.734,0.0,0.266,CBS,RT @SuperiorDonuts: You can always count on @DavidKoechner for a laugh! Did your favorite Tush moment make the list? Catch a new #SuperiorD‚Ä¶
434,0.4482,2018-02-26 19:53:41,0.895,0.0,0.105,CBS,"RT @ScorpionCBS: You can't hack your way to a 197 IQ, but you are well on your way with these Genius Facts from #TeamScorpion! üíª You can be‚Ä¶"
433,0.0,2018-02-26 21:08:30,1.0,0.0,0.0,CBS,"RT @ACMawards: That‚Äôs right! @Reba is headed to @CBSThisMorning on Thursday, March 1 to announce this year‚Äôs #ACMAwards' nominees. Tune in‚Ä¶"
432,0.0,2018-02-26 22:50:32,1.0,0.0,0.0,CBS,"RT @KevinCanWaitCBS: Can you get all the way through these #KevinCanWait bloopers without laughing?! @KevinJames,@LeahRemini and the rest o‚Ä¶"
431,0.5562,2018-02-27 03:23:47,0.848,0.0,0.152,CBS,RT @LivinBiblically: The fun continues on Facebook! The #LivingBiblically cast is live to talk about tonight‚Äôs premiere. Tune in here: http‚Ä¶
430,0.4404,2018-02-28 19:08:30,0.884,0.0,0.116,CBS,"RT @thegoodfight: From the set design and costumes to hair and makeup, the production quality is truly next-level. Take a peek inside the u‚Ä¶"
429,0.0,2018-02-28 19:56:58,1.0,0.0,0.0,CBS,"RT @CBSThisMorning: TOMORROW: The nominees for the 2018 @ACMawards will be announced live by the one-and-only, @Reba! 

Watch on @CBS in ou‚Ä¶"
428,0.0,2018-03-01 01:04:52,1.0,0.0,0.0,CBS,RT @survivorcbs: It‚Äôs time! #Survivor https://t.co/YPk6cGWrUA
427,0.0,2018-03-01 13:50:11,1.0,0.0,0.0,CBS,"The Queen of Country, @Reba, is returning to host the 53rd #ACMawards on Sunday, April 15 at 8/7c. Here are a few o‚Ä¶ https://t.co/Iqzz6Gql01"
426,0.6908,2018-03-01 14:15:29,0.725,0.0,0.275,CBS,".@ChrisStapleton, @ThomasRhett, @mirandalambert and more are all nominated for awards at Country Music's Party of t‚Ä¶ https://t.co/Vm1vXRUDYJ"
425,0.7717,2018-03-01 14:29:20,0.675,0.0,0.325,CBS,"RT @ACMawards: Please give a round of applause to this year‚Äôs #ACMawards Entertainer of the Year nominees: @Jason_Aldean, @GarthBrooks, @Lu‚Ä¶"
424,0.5994,2018-03-01 14:36:21,0.822,0.0,0.178,CBS,"RT @ACMawards: Congratulations to this year‚Äôs #ACMawards Video of the Year nominees:
‚ÄúBlack‚Äù - @DierksBentley
‚ÄúIt Ain‚Äôt My Fault‚Äù - @Brothe‚Ä¶"
423,0.4885,2018-03-01 18:10:50,0.615,0.151,0.234,CBS,RT @KeithUrban: ACMs...... HOLY SMOKES!!!!! MAD LOVE TO U ALL THIS MORNING  FOR THESE INCREDIBLE NOMINATIONS. I‚ÄôM EXTREMELY GRATEFUL!!!!!!!‚Ä¶
422,0.8591,2018-03-01 18:11:50,0.462,0.0,0.538,CBS,RT @KelseaBallerini: Ohhhhh goodness. Incredible. Thank you thank you thank you. #female https://t.co/1ZTYjNfQeF
421,0.4547,2018-03-01 18:12:57,0.749,0.092,0.159,CBS,"RT @MarenMorris: Hot damn! Woke up from my post-wisdom teeth haze to find out I‚Äôm up for 4 @ACMawards ! So honored, especially for the Dear‚Ä¶"
420,-0.6981,2018-03-01 18:59:01,0.79,0.21,0.0,CBS,RT @ZoeListerJones: Tonight‚Äôs an all new Life In Pieces and it‚Äôs directed by my ride or die @nataliaanderson!!!‚Ä¶ https://t.co/2LPfmyLWrY
339,0.4939,2018-03-02 18:45:00,0.849,0.0,0.151,CBS,"In honor of Women's History Month, CBS and the Association of National Advertisers' (ANA) #SeeHer initiative will p‚Ä¶ https://t.co/2wtYxKJVuO"
338,0.7096,2018-03-02 20:30:01,0.718,0.0,0.282,CBS,"Join @maria_bello, @aishatyler and @TeaLeoni in celebrating the accomplishments of women who have contributed to th‚Ä¶ https://t.co/MefESBeFL3"
337,0.7096,2018-03-02 22:30:01,0.753,0.0,0.247,CBS,"Who are the trailblazing women in your life that inspire you? Join CBS and the ANA's #SeeHer initiative, celebratin‚Ä¶ https://t.co/M0KqZ41Bes"
336,0.0,2018-03-03 20:55:20,1.0,0.0,0.0,CBS,"RT @thegoodfight: Tomorrow, #TheGoodFight is back. Stream the season 2 premiere only on CBS All Access: https://t.co/tNFR8LBJO2 https://t.c‚Ä¶"
335,0.4404,2018-03-04 08:05:26,0.884,0.0,0.116,CBS,"RT @thegoodfight: It feels good to be back. üë†üíÑüî• The season 2 premiere of #TheGoodFight is now streaming, exclusively on CBS All Access: htt‚Ä¶"
334,0.3818,2018-03-05 22:16:43,0.833,0.0,0.167,CBS,"Will @Jason_Aldean, @garthbrooks, @LukeBryanOnline, @ChrisStapleton, or @KeithUrban be named Entertainer Of The Yea‚Ä¶ https://t.co/rMD8zjeX3s"
333,0.6705,2018-03-06 18:10:59,0.756,0.0,0.244,CBS,"Meet the ensemble of talented actors slated to join $1, a new mystery series coming to CBS All Access:‚Ä¶ https://t.co/QoyYv7vxwg"
332,0.0,2018-03-07 17:06:02,1.0,0.0,0.0,CBS,"This just in! @Jason_Aldean, @mirandalambert, @LukeBryanOnline, and many more are set to perform at the 53rd Academ‚Ä¶ https://t.co/mfxw2VxzU4"
331,-0.2023,2018-03-07 18:39:10,0.619,0.23,0.15,CBS,"RT @thegoodfight: Meticulously constructed. Soapy &amp; sexy. Intoxicating, savage television. üî• Here's what critics are saying about #TheGoodF‚Ä¶"
330,0.4926,2018-03-08 17:03:04,0.868,0.0,0.132,CBS,Take and post a photo of the woman in your life who inspires you daily! Use the hashtag #WomanAmenACM in your post‚Ä¶ https://t.co/7ShhvE48zy
329,0.8625,2018-03-08 18:00:49,0.664,0.0,0.336,CBS,Today and every day we celebrate the women in our lives who empower and inspire us. Share a story about an¬†influent‚Ä¶ https://t.co/9rVtqrElvT
328,0.0,2018-03-09 16:02:27,1.0,0.0,0.0,CBS,RT @BlueBloods_CBS: Even stand-up guys fall down sometimes. #BlueBloods is new tonight at 10/9c! https://t.co/UOlDm22wWW
327,0.8658,2018-03-09 18:27:28,0.553,0.0,0.447,CBS,"RT @thegoodfight: Smart, sexy, and sophisticated. See what's coming this season on #TheGoodFight. https://t.co/CuKhx2G50P https://t.co/ygTI‚Ä¶"
326,0.4215,2018-03-09 21:10:21,0.823,0.0,0.177,CBS,"Give a round of applause to @KelseaBallerini, @MirandaLambert, @Reba, @MarenMorris, and @CarrieUnderwood, the five‚Ä¶ https://t.co/Ncp1BTXx6N"
325,0.1275,2018-03-09 22:24:20,0.795,0.092,0.113,CBS,"RT @MomCBS: If you missed guest star @KChenoweth in the latest episode of #Mom, not to worry! Watch now: https://t.co/RlvXoGOZ0l https://t.‚Ä¶"
324,0.4926,2018-03-09 22:48:26,0.883,0.0,0.117,CBS,RT @DierksBentley: Take and post a photo of the woman in your life who inspires you daily! Use the hashtag #WomanAmenACM in your post for a‚Ä¶
323,0.0,2018-03-12 01:20:43,1.0,0.0,0.0,CBS,"RT @MadamSecretary: In less than an hour, #MadamSecretary's Keith Carradine will be taking over the @MadamSecretary Twitter page! Tweet alo‚Ä¶"
322,0.2244,2018-03-12 18:13:28,0.917,0.0,0.083,CBS,RT @thegoodfight: The verdict is in. The new season of #TheGoodFight is üî•üî•üî•! Stream it now on CBS All Access: https://t.co/FkYSNSXlRb https‚Ä¶
321,0.539,2018-03-13 14:15:10,0.821,0.0,0.179,CBS,"Music stars @MileyCyrus, @edsheeran, @ladygaga, and more will honor the legendary @eltonofficial and his hit songs‚Ä¶ https://t.co/UzxARCCLnI"
320,0.3612,2018-03-13 18:48:52,0.857,0.0,0.143,CBS,"RT @ManWithAPlan: Hungry for more #ManWithAPlan bloopers and behind-the-scenes videos featuring cast like @matt_leblanc, @thelizasnyder, @k‚Ä¶"
239,0.6696,2018-03-14 19:30:01,0.781,0.0,0.219,CBS,"Give these ladies some love! @Lauren_Alaina, @DBradbery, @carlypearce, and @RaeLynn are nominated for New Female Vo‚Ä¶ https://t.co/IVhwURfJ3S"
238,0.6115,2018-03-15 14:32:16,0.734,0.0,0.266,CBS,RT @CBSSports: It's the most wonderful time of the year. #MarchMadness https://t.co/e4c9qohqSR
237,0.6514,2018-03-15 16:42:41,0.806,0.0,0.194,CBS,Stream First Round games LIVE today starting at 12PM ET with a FREE trial of CBS All Access! https://t.co/3P85rXLy4b https://t.co/vZow3YD8cb
236,-0.4939,2018-03-15 17:20:26,0.766,0.157,0.077,CBS,RT @instinctcbs: Dr. Dylan Reinhart is lured back into the field from his life of quiet academia when a certain serial killer makes things‚Ä¶
235,0.7088,2018-03-15 17:54:06,0.763,0.0,0.237,CBS,"RT @TheTalkCBS: You asked, we answered! The fun never ends when the ladies #KeepTalking and answer your fan questions üó£üí¨‚û°Ô∏è https://t.co/ie1‚Ä¶"
234,0.6514,2018-03-16 16:28:40,0.822,0.0,0.178,CBS,The games have just begun! Continue to stream First Round games LIVE today with a FREE trial of CBS All Access:‚Ä¶ https://t.co/YTGsJ48zYP
233,0.0,2018-03-16 18:15:53,1.0,0.0,0.0,CBS,"RT @thegoodfight: Go behind the scenes with costume designer @DanLawsonStyle in ""Behind The Style,"" a new weekly video series all about the‚Ä¶"
232,0.296,2018-03-16 22:53:21,0.896,0.0,0.104,CBS,Stars @JakeMcDorman and Nik Dodani will join the cast in the upcoming revival of Murphy Brown coming to CBS.‚Ä¶ https://t.co/JCAx29lo0i
231,0.7096,2018-03-17 14:00:03,0.753,0.0,0.247,CBS,Where better to spend #StPatricksDay than the place everybody knows your name? It‚Äôs just your luck that every singl‚Ä¶ https://t.co/Fom5wmdENL
230,0.6166,2018-03-17 17:42:43,0.839,0.0,0.161,CBS,How is your bracket looking after last night? Stream Second Round games LIVE today with a FREE trial of CBS All Acc‚Ä¶ https://t.co/25JlIpgwog
229,0.0,2018-03-17 19:00:02,1.0,0.0,0.0,CBS,"If any duo knows how to rock the stage, it's @FLAGALine. The Vocal Duo Of The Year nominee will perform live at the‚Ä¶ https://t.co/FknabB8NQp"
228,0.1867,2018-03-18 17:09:53,0.92,0.0,0.08,CBS,"RT @instinctcbs: TONIGHT, Dr. Dylan Reinhart rewrites the book on abnormal behavior. Don't miss the premiere of #Instinct at 8/7c! https://‚Ä¶"
227,0.6514,2018-03-18 18:05:43,0.787,0.0,0.213,CBS,Spend your Sunday streaming Second Round games LIVE with a FREE trial of CBS All Access! https://t.co/3P85rXLy4b https://t.co/zbWfirD9Ju
226,0.0,2018-03-18 23:44:30,1.0,0.0,0.0,CBS,New start times in East/Central Time Zones: #60Minutes 7:37ET/6:37CT #Instinct series premiere 8:37ET/7:37CT‚Ä¶ https://t.co/xT3YKqmu2M
225,0.7845,2018-03-19 21:02:26,0.619,0.072,0.309,CBS,"RT @YandR_CBS: Forever evolving, Forever inspiring, Forever Young and Restless. ‚ù§Ô∏è Get ready to celebrate 45 years of #YR starting in just‚Ä¶"
224,0.0,2018-03-20 16:11:00,1.0,0.0,0.0,CBS,"Country superstars @kennychesney, @ladyantebellum, @blakeshelton, and @KeithUrban have just been added to the stell‚Ä¶ https://t.co/bJ4If7MacP"
223,0.5562,2018-03-20 16:52:42,0.826,0.0,0.174,CBS,RT @ladyantebellum: Ecstatic to announce we'll be performing at the #ACMawards in Las Vegas again this year! https://t.co/Qfhs94j6FR
222,0.0,2018-03-20 17:58:43,1.0,0.0,0.0,CBS,RT @nancyodell: Told my daughter I'd be presenting at @ACMawards again this year. (Woot woot!We both luv country music!)She took this pic o‚Ä¶
221,0.5106,2018-03-20 20:00:01,0.858,0.0,0.142,CBS,The legendary @Reba returns to host the 53rd #ACMawards and she‚Äôs proving just how comfortable she is behind the mi‚Ä¶ https://t.co/XPXcSPRXqC
220,0.0,2018-03-21 18:00:01,1.0,0.0,0.0,CBS,Female Vocalist Of The Year nominee @MarenMorris will show her fans how it‚Äôs done when she takes the stage to showc‚Ä¶ https://t.co/PITjmAoFT8
139,0.636,2018-03-22 00:23:38,0.802,0.0,0.198,CBS,Congratulations to all of the @CBSDaytime nominees for the #DaytimeEmmys! See the full list of #DaytimeEmmy nominee‚Ä¶ https://t.co/ivJVJWvfsf
39,0.636,2018-03-22 00:23:38,0.802,0.0,0.198,CBS,Congratulations to all of the @CBSDaytime nominees for the #DaytimeEmmys! See the full list of #DaytimeEmmy nominee‚Ä¶ https://t.co/ivJVJWvfsf
419,0.0516,2018-03-22 18:30:09,0.625,0.159,0.216,BBC,"Tai chi has been recommended to help people with the chronic pain condition fibromyalgia. 

https://t.co/uYDlKfWbt7 https://t.co/Y7P9ceP82j"
418,0.0,2018-03-22 19:04:04,1.0,0.0,0.0,BBC,Go behind-the-scenes at @TheBigCatSanct where expert Giles Clark is hand-rearing a jaguar cub. üêæ‚Ä¶ https://t.co/0hDQP6X1wA
417,-0.6486,2018-03-22 20:30:01,0.798,0.202,0.0,BBC,"In 1918, the very first signs of the Spanish Flu pandemic were kept under wraps. So how did the deadly illness get‚Ä¶ https://t.co/zuZryXLihL"
38,0.7081,2018-03-22 20:52:02,0.623,0.066,0.311,CBS,Save the date! These are season finales you do NOT want to miss. RT if you're excited! https://t.co/UUQoWsPPSh https://t.co/cDl4WmxMtU
138,0.7081,2018-03-22 20:52:02,0.623,0.066,0.311,CBS,Save the date! These are season finales you do NOT want to miss. RT if you're excited! https://t.co/UUQoWsPPSh https://t.co/cDl4WmxMtU
416,0.0,2018-03-22 21:20:05,1.0,0.0,0.0,BBC,üñã The artist reimagining Islamic calligraphy for the 21st Century: https://t.co/wgbVwZLDEa #Civilisations https://t.co/nxW6Sokjdn
415,0.2732,2018-03-22 21:30:01,0.884,0.0,0.116,BBC,"Istanbul's Blue Mosque looks spectacular. @wmarybeard looks at the art, meaning and significance of calligraphy the‚Ä¶ https://t.co/Mv3voUkcvc"
414,0.1511,2018-03-22 21:39:27,0.85,0.0,0.15,BBC,"RT @BBCOne: All hail queen Kat! üôåüëë 

#EastEnders @BBCEastenders https://t.co/PLmAc53L6t"
37,0.0,2018-03-22 22:10:29,1.0,0.0,0.0,CBS,Game on! 16 teams left and the race to the finish continues tonight. Stream #11 Loyola-Chicago vs #7 Nevada LIVE at‚Ä¶ https://t.co/W374rmzzoC
137,0.0,2018-03-22 22:10:29,1.0,0.0,0.0,CBS,Game on! 16 teams left and the race to the finish continues tonight. Stream #11 Loyola-Chicago vs #7 Nevada LIVE at‚Ä¶ https://t.co/W374rmzzoC
413,0.0,2018-03-23 08:33:01,1.0,0.0,0.0,BBC,"Meet the first polar bear cub to be born in the UK in 25 years. üòç
https://t.co/njq1r6eONE"
412,0.765,2018-03-23 09:30:03,0.583,0.0,0.417,BBC,"Would you want secret helpers like these to help you out in nerve-wracking situations? #TheSecretHelpers 
https://t.co/ua2X4vxKR3"
411,0.8555,2018-03-23 10:03:03,0.657,0.0,0.343,BBC,"Scrolling through headlines, the world can feel like a pretty dark place. So here are nine reasons to be happy. üòä üéâ‚Ä¶ https://t.co/KrNoB0qaqC"
410,-0.6016,2018-03-23 10:33:01,0.813,0.187,0.0,BBC,"Friday night is CELEBRITY FIGHT NIGHT! ü•äü•ä

Who'll be victorious? Tune in to #SportRelief to find out!

https://t.co/9ZhgNGmxOD"
409,0.2648,2018-03-23 11:30:05,0.897,0.0,0.103,BBC,‚òïÔ∏èüç∞Some blueberry muffins sold by cafes and supermarkets contain more than the recommended daily intake of sugar fo‚Ä¶ https://t.co/9bh6K8aMH2
408,0.3612,2018-03-23 11:42:43,0.872,0.0,0.128,BBC,"RT @sportrelief: It looks like #TeamGryffindor are storming ahead in the #HogwartsLeague in the #SportRelief app. 

#TeamHufflepuff, #TeamS‚Ä¶"
407,0.0,2018-03-23 11:42:48,1.0,0.0,0.0,BBC,RT @BBCTwo: Our entire weekend plans. üò¥üëá #BigCatsAboutTheHouse https://t.co/vl0zUcCdmI
406,-0.2006,2018-03-23 11:42:51,0.754,0.139,0.107,BBC,RT @BBCRadio2: üëª ‚ÄúI thought the script was really frightening and original.‚Äù Martin Freeman chats to @achrisevans about his creepy new film‚Ä¶
405,0.0,2018-03-23 11:42:55,1.0,0.0,0.0,BBC,RT @BBCSport: He was one of English football's first black players and the British Army's first ever black officer to command white troops.‚Ä¶
404,0.4939,2018-03-23 13:03:02,0.741,0.0,0.259,BBC,"Want to get creative this weekend? Here's how to make a hooky rug. 
#MakeCraftBritain 
https://t.co/uqibyP09s7"
403,0.6114,2018-03-23 13:33:04,0.8,0.0,0.2,BBC,Spring is here! üå±üå∏ü•¶ Make the most of seasonal ingredients with these delicious soup recipes. https://t.co/fXp7eJXoJc https://t.co/hA1b2bdSrd
402,-0.4767,2018-03-23 14:00:02,0.871,0.129,0.0,BBC,"How would you react if you woke up and found Michael McIntyre and Peppa Pig in your bedroom? 

Poor @AndyMurray‚Ä¶

S‚Ä¶ https://t.co/7ZP0hUYeKr"
401,0.5994,2018-03-23 14:03:08,0.813,0.0,0.187,BBC,These beautiful photographs reveal how refugees in Tyneside have turned to the healing powers of gardening. üåøüì∏‚Ä¶ https://t.co/2gq0t9FnIR
400,-0.4479,2018-03-23 14:33:40,0.828,0.172,0.0,BBC,"RT @BBCOne: No @andy_murray, this is not a dream. @GeriHalliwell really IS in your bedroom making you sing Spice Girls songs üé§

@sportrelie‚Ä¶"
319,0.7783,2018-03-23 16:00:12,0.714,0.0,0.286,BBC,"Meet Australian maths teacher Eddie Woo, who has won fans worldwide with his high-energy lessons, posted on YouTube‚Ä¶ https://t.co/vTfNDZzA3b"
318,0.0,2018-03-23 16:27:45,1.0,0.0,0.0,BBC,"RT @BBCWales: A #DanceForParkinsons session with @ndcwales for @GetCreativeUK in #Cardiff this week 

Find out what‚Äôs happening on the fina‚Ä¶"
317,0.0,2018-03-23 17:02:01,1.0,0.0,0.0,BBC,"Your week, as told by @louistheroux. üìÜüòÇ
https://t.co/Ae6bDBpIBW"
316,0.0,2018-03-23 17:33:03,1.0,0.0,0.0,BBC,"Tonight, @GaryLineker, @ThisisDavina and @OreOduba kick off the biggest ever night of @sportrelief! Ô∏è‚öΩÔ∏è‚ú®üö¥üéâ‚Ä¶ https://t.co/tgbpC76heP"
315,-0.296,2018-03-23 18:03:04,0.864,0.136,0.0,BBC,From @taylorswift13 to @Beyonce: these are the secretive musicians who avoid interviews. üé§ü§ê https://t.co/nqOmaVMzoo https://t.co/sbDga7L5cp
314,0.0,2018-03-23 19:07:00,1.0,0.0,0.0,BBC,"RT @BBCOne: .@GaryLineker, @OreOduba, @ThisisDavina &amp; more kick off the biggest ever night of #SportRelief now on @bbcone. @sportrelief 
Fo‚Ä¶"
36,0.8997,2018-03-23 22:32:48,0.645,0.0,0.355,CBS,"RT @HawaiiFive0CBS: Nothing like a man and his dog! üòçüê∂ Happy #NationalPuppyDay to Eddie, the best pup on the Five-0 Task Force! #H50 https:‚Ä¶"
136,0.8997,2018-03-23 22:32:48,0.645,0.0,0.355,CBS,"RT @HawaiiFive0CBS: Nothing like a man and his dog! üòçüê∂ Happy #NationalPuppyDay to Eddie, the best pup on the Five-0 Task Force! #H50 https:‚Ä¶"
35,0.4939,2018-03-23 22:33:04,0.686,0.0,0.314,CBS,RT @SEALTeamCBS: In honor of #NationalPuppyDay... üòç #SEALTeam https://t.co/4mIZPpiRlU
135,0.4939,2018-03-23 22:33:04,0.686,0.0,0.314,CBS,RT @SEALTeamCBS: In honor of #NationalPuppyDay... üòç #SEALTeam https://t.co/4mIZPpiRlU
134,0.6996,2018-03-23 22:33:52,0.806,0.0,0.194,CBS,Get ready for some sweet games! Stream #5 Clemson vs #1 Kansas LIVE at 7PM ET and #11 Syracuse vs #2 Duke LIVE at 9‚Ä¶ https://t.co/4WstgrKNnW
34,0.6996,2018-03-23 22:33:52,0.806,0.0,0.194,CBS,Get ready for some sweet games! Stream #5 Clemson vs #1 Kansas LIVE at 7PM ET and #11 Syracuse vs #2 Duke LIVE at 9‚Ä¶ https://t.co/4WstgrKNnW
313,0.0,2018-03-24 08:33:02,1.0,0.0,0.0,BBC,"Meet Alexandre, one of the only male performers of ‚Äòbaladi‚Äô ‚Äì also known as belly dancing ‚Äì in the Middle East. üé∂

 https://t.co/K12N1Y6PU7"
312,0.0,2018-03-24 09:30:13,1.0,0.0,0.0,BBC,ü•ëA Cultural history of the avocado: https://t.co/jo1UyWlVw7 https://t.co/7VF6pBpG57
311,0.128,2018-03-24 09:31:26,0.85,0.065,0.085,BBC,RT @sportrelief: The nation has joined together for this year's #SportRelief pulling out all the stops to make their steps count. Well done‚Ä¶
310,0.4995,2018-03-24 09:31:30,0.867,0.0,0.133,BBC,"RT @sportrelief: A humongous THANK YOU to everyone who has taken part, fund-raised &amp; watched over the past weeks &amp; tonight. The #SportRelie‚Ä¶"
309,0.0,2018-03-24 09:32:59,1.0,0.0,0.0,BBC,"RT @bbcf1: Lewis Hamilton took the first pole of the season in spectacular style ‚ö°Ô∏è

https://t.co/a7YDOx0FlQ"
308,0.0,2018-03-24 09:42:34,1.0,0.0,0.0,BBC,RT @BBCNewsNI: Prince Harry and Meghan Markle are visiting Northern Ireland https://t.co/ODxLd1LIr8 https://t.co/s0zPTXj3Tk
307,0.5411,2018-03-24 10:03:01,0.857,0.0,0.143,BBC,"""The enthusiastic viewer should feel he is almost the man on the spot!"" 

In 1949, the BBC announced it would telev‚Ä¶ https://t.co/WEoPpkrW1V"
306,0.4215,2018-03-24 10:31:01,0.833,0.0,0.167,BBC,"Meet Hester, the 10-year-old visually impaired skier who's hoping for Paralympic gold one day. ‚õ∑ü•áhttps://t.co/6aiUaTc3yS"
305,0.0,2018-03-24 11:29:04,1.0,0.0,0.0,BBC,"How much do you know about horses? Take this quiz to see if you are an equestrian expert‚Ä¶üê¥

https://t.co/ChGCB9Xi1W https://t.co/P9UgJ99nsx"
304,0.1867,2018-03-24 12:33:04,0.902,0.0,0.098,BBC,"Don't miss the highlights from the Gymnastics World Cup! ü§∏ü§∏‚Äç‚ôÄÔ∏èüá¨üáß

World Cup Gymnastics | @BBCOne | 2:05pm |‚Ä¶ https://t.co/7mpufyeEMo"
303,0.0,2018-03-24 13:03:01,1.0,0.0,0.0,BBC,"Which animals are likely to become extinct in your lifetime? ü¶èüíî
https://t.co/9KwlmcNrWV"
302,0.296,2018-03-24 14:01:32,0.845,0.0,0.155,BBC,RT @bbcthree: The barber helping men with dementia relive their younger lives. https://t.co/p8axQVK836
301,0.0,2018-03-24 14:01:47,1.0,0.0,0.0,BBC,üö£ @clarebalding is live from the River Thames as @UniofOxford and @Cambridge_Uni  meet for one of the most iconic e‚Ä¶ https://t.co/Ls9rtIYov4
300,-0.0772,2018-03-24 15:00:06,0.719,0.15,0.131,BBC,ü§≥How an Instagram video lost me my dream job in fashion: https://t.co/72yWgHdc1k https://t.co/fl3DxMcIL5
219,0.2732,2018-03-24 15:30:10,0.788,0.083,0.129,BBC,"Writer Sara Maitland has lived alone in rural Scotland for 20 years. 

Here are seven valuable life lessons we can‚Ä¶ https://t.co/2eAqUlnwuA"
218,0.0,2018-03-24 17:01:01,1.0,0.0,0.0,BBC,"When proposals go wrong... üò≥üíç #Doodlebugs 
https://t.co/8Yi6giWO3S"
217,0.3182,2018-03-24 18:02:01,0.777,0.0,0.223,BBC,"üì∫üòÇ @RomeshRanga is NOT a fan of Gogglebox. #LiveAtTheApollo
https://t.co/FHm9g6Emss"
216,0.5719,2018-03-24 18:44:04,0.748,0.0,0.252,BBC,Cambridge have won the men's and women's Boat Races. https://t.co/COTzXYuo4N üèÜ üö£ #BoatRace2018 https://t.co/6SQjF1ToSt
215,0.5859,2018-03-24 19:16:04,0.817,0.0,0.183,BBC,"""Beauty is your inside, it's your personality and what shines from beneath."" 

25-year-old rapper Paigey Cakey had‚Ä¶ https://t.co/CVGr69Y0oO"
33,0.0,2018-03-24 20:00:02,1.0,0.0,0.0,CBS,"Get on your feet for @Jason_Aldean, @ThomasRhett, @ChrisStapleton, @KeithUrban, and @ChrisYoungMusic, the five nomi‚Ä¶ https://t.co/oT5ogjdj4x"
133,0.0,2018-03-24 20:00:02,1.0,0.0,0.0,CBS,"Get on your feet for @Jason_Aldean, @ThomasRhett, @ChrisStapleton, @KeithUrban, and @ChrisYoungMusic, the five nomi‚Ä¶ https://t.co/oT5ogjdj4x"
214,0.4767,2018-03-24 20:00:11,0.866,0.0,0.134,BBC,"The story of the last decade of Picasso's life, through the words of family and friends. üé®

Picasso's Last Stand |‚Ä¶ https://t.co/RyiuI8KgSk"
213,-0.3818,2018-03-24 20:34:01,0.885,0.115,0.0,BBC,"""I still see people screaming for help.""

This Sunday at 9pm on @BBCTwo, @REGYATES meets the people whose lives wer‚Ä¶ https://t.co/RS16yXF17H"
32,0.9451,2018-03-24 22:21:23,0.58,0.0,0.42,CBS,RT @MomCBS: ‚ÄúI love this job. I love working with these women. I love working in front of the live audience‚Ä¶ It‚Äôs alive and it‚Äôs fun.‚Äù - @A‚Ä¶
132,0.9451,2018-03-24 22:21:23,0.58,0.0,0.42,CBS,RT @MomCBS: ‚ÄúI love this job. I love working with these women. I love working in front of the live audience‚Ä¶ It‚Äôs alive and it‚Äôs fun.‚Äù - @A‚Ä¶
131,0.7184,2018-03-24 22:21:26,0.667,0.0,0.333,CBS,"RT @MomCBS: ""You get to appreciate working with such talented people."" - @AnnaKFaris #Mom #PaleyFest"
31,0.7184,2018-03-24 22:21:26,0.667,0.0,0.333,CBS,"RT @MomCBS: ""You get to appreciate working with such talented people."" - @AnnaKFaris #Mom #PaleyFest"
130,0.0,2018-03-24 22:21:34,1.0,0.0,0.0,CBS,"RT @MomCBS: ""I'm not someone in recovery who goes to AA, but I have taken so much away from it...to take one day at a time."" - @theJaimePre‚Ä¶"
30,0.0,2018-03-24 22:21:34,1.0,0.0,0.0,CBS,"RT @MomCBS: ""I'm not someone in recovery who goes to AA, but I have taken so much away from it...to take one day at a time."" - @theJaimePre‚Ä¶"
129,0.0,2018-03-24 22:21:37,1.0,0.0,0.0,CBS,RT @MomCBS: Mom Co-Creator @GemmaRBaker just pointed out her own #Mom in the audience at #PaleyFest! üíú
29,0.0,2018-03-24 22:21:37,1.0,0.0,0.0,CBS,RT @MomCBS: Mom Co-Creator @GemmaRBaker just pointed out her own #Mom in the audience at #PaleyFest! üíú
128,0.7003,2018-03-24 22:25:03,0.791,0.0,0.209,CBS,"RT @MomCBS: ""Go out for it anyway. If you're good for the role, you're good for the role."" @theJaimePressly's advice for aspiring actors wi‚Ä¶"
28,0.7003,2018-03-24 22:25:03,0.791,0.0,0.209,CBS,"RT @MomCBS: ""Go out for it anyway. If you're good for the role, you're good for the role."" @theJaimePressly's advice for aspiring actors wi‚Ä¶"
27,-0.34,2018-03-24 22:46:43,0.7,0.185,0.115,CBS,RT @MomCBS: A fan just commented that #Mom helped bring him out of a deep depression. üíúüíúüíú #PaleyFest
127,-0.34,2018-03-24 22:46:43,0.7,0.185,0.115,CBS,RT @MomCBS: A fan just commented that #Mom helped bring him out of a deep depression. üíúüíúüíú #PaleyFest
26,0.5399,2018-03-24 22:46:53,0.801,0.0,0.199,CBS,RT @MomCBS: That's a wrap on the #Mom panel at #PaleyFest! Thanks for following along! https://t.co/we4JgqPt6P
126,0.5399,2018-03-24 22:46:53,0.801,0.0,0.199,CBS,RT @MomCBS: That's a wrap on the #Mom panel at #PaleyFest! Thanks for following along! https://t.co/we4JgqPt6P
212,-0.4215,2018-03-25 07:02:00,0.859,0.141,0.0,BBC,When the clocks have gone forward but there's no way you're getting out of bed yet. üôÖ‚Äç‚ôÇÔ∏è‚è∞#DaylightSavings https://t.co/cHBPV3ITsQ
211,0.0,2018-03-25 07:34:02,1.0,0.0,0.0,BBC,You learn something new every day. Here's how to poo a baby jaguar. ü§∑üí©#BigCatsAboutTheHouse https://t.co/Eg5rF1414b
210,-0.25,2018-03-25 08:00:12,0.743,0.153,0.104,BBC,A woman who drinks 30 cans a day says her addiction to energy drinks is worse than gambling.‚Ä¶ https://t.co/d11ATW0F0f
209,0.0,2018-03-25 08:43:22,1.0,0.0,0.0,BBC,RT @BBCSport: A simply astonishing confession from Australia captain Steve Smith and batsman Cameron Bancroft üò≥ https://t.co/YaE7fBZamq
208,-0.4019,2018-03-25 08:43:26,0.899,0.101,0.0,BBC,"RT @bbcweather: #Winter may not be done with us yet, as colder continental air fights back against milder maritime air across the UK this w‚Ä¶"
207,0.5719,2018-03-25 08:43:31,0.764,0.0,0.236,BBC,"RT @BBCScotland: Up your brunch game with perfect poached eggs.

via @bbcthesocial https://t.co/1imXNeOZ9d"
206,-0.3612,2018-03-25 09:30:15,0.839,0.161,0.0,BBC,"Ever wondered what made you feel moody? It might be your gut.

üëâ https://t.co/l8oMv5gPN2 https://t.co/vq2yhtBOAn"
205,0.0,2018-03-25 10:30:04,1.0,0.0,0.0,BBC,üêüMeet SoFi - the soft robot fish developed by MIT to swim among real fish in coral reefs and around the ocean to he‚Ä¶ https://t.co/HDa7q7WsHf
204,0.0,2018-03-25 12:03:02,1.0,0.0,0.0,BBC,"Weighing just 100g, a newborn panda is one 900th the size of its mum! üêºüíï #DavidAttenboroughsNaturalCuriosities https://t.co/nKLQh03DJs"
203,0.5574,2018-03-25 13:03:04,0.816,0.0,0.184,BBC,"üëΩ‚ú®üõ∏ @prattprattpratt stars as a happy-go-lucky hero who joins forces with an unlikely group of aliens. 

Guardians‚Ä¶ https://t.co/B9W7kRZ1Qz"
202,0.1779,2018-03-25 14:09:03,0.909,0.0,0.091,BBC,"Predictions suggest a build-up of about 80,000 tonnes of plastic in the Pacific Ocean is growing rapidly. ‚ôªÔ∏èüåäüíî‚Ä¶ https://t.co/uKD9BQWmUi"
201,0.0,2018-03-25 14:30:02,1.0,0.0,0.0,BBC,"üí¨ We could listen to him speak all day. 

üìΩ Sir David Attenborough's voice was just as iconic in the 60s as it is t‚Ä¶ https://t.co/zYi3oK5C13"
200,0.4588,2018-03-25 15:03:03,0.833,0.0,0.167,BBC,"üá∫üá∏üèùüá¨üáß Welcome to Tangier Island, the tiny US island where people speak with a British accent.‚Ä¶ https://t.co/1RoM285gRJ"
25,0.5319,2018-03-25 17:15:25,0.78,0.062,0.157,CBS,Don‚Äôt miss a minute of the action. Stream the¬†Elite Eight¬Æ¬†games LIVE today starting at 2PM ET with a FREE trial of‚Ä¶ https://t.co/8NwU8HdiHR
125,0.5319,2018-03-25 17:15:25,0.78,0.062,0.157,CBS,Don‚Äôt miss a minute of the action. Stream the¬†Elite Eight¬Æ¬†games LIVE today starting at 2PM ET with a FREE trial of‚Ä¶ https://t.co/8NwU8HdiHR
119,0.5267,2018-03-25 17:30:07,0.815,0.0,0.185,BBC,"When you're enjoying being single and people just can't deal with it. üôÑüòÇ @kathbum #LiveAtTheApollo 

https://t.co/byHMHWyhPq"
19,0.5267,2018-03-25 17:30:07,0.815,0.0,0.185,BBC,"When you're enjoying being single and people just can't deal with it. üôÑüòÇ @kathbum #LiveAtTheApollo 

https://t.co/byHMHWyhPq"
18,0.0,2018-03-25 18:13:03,1.0,0.0,0.0,BBC,The first ever statue of David Bowie has been unveiled in the town where he debuted Ziggy Stardust. ‚ö°Ô∏è‚Ä¶ https://t.co/lFgROYVkv1
118,0.0,2018-03-25 18:13:03,1.0,0.0,0.0,BBC,The first ever statue of David Bowie has been unveiled in the town where he debuted Ziggy Stardust. ‚ö°Ô∏è‚Ä¶ https://t.co/lFgROYVkv1
17,0.5719,2018-03-25 18:40:04,0.837,0.0,0.163,BBC,"Tonight, @mcgregor_ewan and @McgColin celebrate the centenary of the Royal Air Force. 

RAF at 100 with Ewan and Co‚Ä¶ https://t.co/nF2iwBP51b"
117,0.5719,2018-03-25 18:40:04,0.837,0.0,0.163,BBC,"Tonight, @mcgregor_ewan and @McgColin celebrate the centenary of the Royal Air Force. 

RAF at 100 with Ewan and Co‚Ä¶ https://t.co/nF2iwBP51b"
116,-0.7506,2018-03-25 19:15:06,0.714,0.286,0.0,BBC,"Tonight, @regyates meets people whose lives have been devastated by the Grenfell fire. 

Reggie Yates: Searching fo‚Ä¶ https://t.co/HPgtcZuHte"
16,-0.7506,2018-03-25 19:15:06,0.714,0.286,0.0,BBC,"Tonight, @regyates meets people whose lives have been devastated by the Grenfell fire. 

Reggie Yates: Searching fo‚Ä¶ https://t.co/HPgtcZuHte"
115,0.128,2018-03-25 19:44:01,0.821,0.077,0.101,BBC,"Could this be an answer to global water shortages? üèúüíß This machine creates water out of thin air. 

https://t.co/caz4nXMJg5"
15,0.128,2018-03-25 19:44:01,0.821,0.077,0.101,BBC,"Could this be an answer to global water shortages? üèúüíß This machine creates water out of thin air. 

https://t.co/caz4nXMJg5"
124,0.0,2018-03-25 23:57:34,1.0,0.0,0.0,CBS,New start times in East/Central Time Zones #60Minutes 7:35ET/6:35CT #Instinct  8:35ET/7:35CT #NCISLA 9:35ET/8:35CT‚Ä¶ https://t.co/8W5hAeLrvs
24,0.0,2018-03-25 23:57:34,1.0,0.0,0.0,CBS,New start times in East/Central Time Zones #60Minutes 7:35ET/6:35CT #Instinct  8:35ET/7:35CT #NCISLA 9:35ET/8:35CT‚Ä¶ https://t.co/8W5hAeLrvs
114,0.2263,2018-03-26 07:30:10,0.749,0.09,0.161,BBC,"Wishing you could get out of bed just that little bit earlier? üò¥

If you need some motivation to set that alarm, he‚Ä¶ https://t.co/zsisa2oA4s"
14,0.2263,2018-03-26 07:30:10,0.749,0.09,0.161,BBC,"Wishing you could get out of bed just that little bit earlier? üò¥

If you need some motivation to set that alarm, he‚Ä¶ https://t.co/zsisa2oA4s"
113,0.5819,2018-03-26 08:29:04,0.818,0.0,0.182,BBC,"ü§îWhy do so many celebrities decide to enter politics?

Some have done so more successfully than others...‚Ä¶ https://t.co/MkEDpSeLMJ"
13,0.5819,2018-03-26 08:29:04,0.818,0.0,0.182,BBC,"ü§îWhy do so many celebrities decide to enter politics?

Some have done so more successfully than others...‚Ä¶ https://t.co/MkEDpSeLMJ"
499,0.0,2018-03-26 08:30:12,1.0,0.0,0.0,nytimes,"Audit your Facebook apps, audit your Facebook privacy settings, and 5 other tips for protecting your data on Facebo‚Ä¶ https://t.co/yifXUnms3s"
498,0.0,2018-03-26 08:45:08,1.0,0.0,0.0,nytimes,"""I feel elated."" Virgil Abloh becomes Louis Vuitton's first African-American artistic director. https://t.co/qssrU8SvL0"
497,-0.6486,2018-03-26 09:00:07,0.815,0.185,0.0,nytimes,"RT @nytimesarts: This week‚Äôs episode of ""The Walking Dead"" brought several long-percolating situations to a head. Its characters will be so‚Ä¶"
112,0.0,2018-03-26 09:04:01,1.0,0.0,0.0,BBC,"The kiwi bird's egg is so large, it takes almost ten days to lay! üê¶ü•öüò≥  #DavidAttenboroughsNaturalCuriosities
https://t.co/AkZqK9vzZZ"
12,0.0,2018-03-26 09:04:01,1.0,0.0,0.0,BBC,"The kiwi bird's egg is so large, it takes almost ten days to lay! üê¶ü•öüò≥  #DavidAttenboroughsNaturalCuriosities
https://t.co/AkZqK9vzZZ"
496,0.128,2018-03-26 09:15:08,0.753,0.113,0.134,nytimes,"Around 30,000 North Koreans have successfully defected to the South. But under the reign of Kim Jong-un, far fewer‚Ä¶ https://t.co/LLApjNzHuR"
495,0.0,2018-03-26 09:30:10,1.0,0.0,0.0,nytimes,How Stephanie Gregory became Stormy Daniels https://t.co/NdkOuMtsqA
111,0.3182,2018-03-26 09:33:01,0.753,0.0,0.247,BBC,"üòÇ @BillBailey is NOT a fan of taramasalata. #Room101 

https://t.co/soAAz27c0C"
11,0.3182,2018-03-26 09:33:01,0.753,0.0,0.247,BBC,"üòÇ @BillBailey is NOT a fan of taramasalata. #Room101 

https://t.co/soAAz27c0C"
10,0.4588,2018-03-26 09:35:06,0.864,0.0,0.136,BBC,RT @bbcpress: Sue Perkins will return to host the 2018 #BAFTA TV awards on Sunday 13 May on @BBCOne. https://t.co/pieSWNAGbH
110,0.4588,2018-03-26 09:35:06,0.864,0.0,0.136,BBC,RT @bbcpress: Sue Perkins will return to host the 2018 #BAFTA TV awards on Sunday 13 May on @BBCOne. https://t.co/pieSWNAGbH
494,0.1027,2018-03-26 09:45:03,0.655,0.148,0.197,nytimes,"RT @nytimesarts: The bassist Buell Neidlinger is dead at 82. He had a founding role in free jazz, played alongside Cecil Taylor, performed‚Ä¶"
9,-0.128,2018-03-26 10:00:07,0.93,0.07,0.0,BBC,"From hot cross bun gin to Creme Egg Yorkshire pudding, this year‚Äôs Easter treats are bigger, weirder and more decad‚Ä¶ https://t.co/HvDJmgcB5q"
109,-0.128,2018-03-26 10:00:07,0.93,0.07,0.0,BBC,"From hot cross bun gin to Creme Egg Yorkshire pudding, this year‚Äôs Easter treats are bigger, weirder and more decad‚Ä¶ https://t.co/HvDJmgcB5q"
493,-0.7269,2018-03-26 10:00:12,0.638,0.289,0.072,nytimes,"Saudi Arabia said its air defenses destroyed 7 ballistic missiles late Sunday, fired from neighboring Yemen and tar‚Ä¶ https://t.co/yq8WvWaOhs"
492,0.0,2018-03-26 10:00:14,1.0,0.0,0.0,nytimes,Morning¬†Briefing: Here's what you need to know to start your day https://t.co/CCJomcKOwn https://t.co/p5MoJoRG12
491,-0.5106,2018-03-26 10:30:07,0.711,0.213,0.075,nytimes,President Trump is struggling to find any top lawyers willing to represent him as he faces a critical decision: whe‚Ä¶ https://t.co/pUkBPPxSib
490,0.0,2018-03-26 10:40:08,1.0,0.0,0.0,nytimes,A Cambridge Analytica-linked company was allegedly used by pro-Brexit campaigners to evade British election spendin‚Ä¶ https://t.co/iqoSk8IFra
489,-0.1154,2018-03-26 10:51:03,0.932,0.068,0.0,nytimes,"Students on the South Side of Chicago joined protests spurred by the Florida school shooting, but they also felt fr‚Ä¶ https://t.co/Y3MMdwIuLQ"
108,-0.5106,2018-03-26 11:00:05,0.837,0.163,0.0,BBC,"A crack that opened up in Kenya‚Äôs Rift Valley, damaging a section of the Narok-Nairobi highway, is still growing... https://t.co/T5YocDauYj"
8,-0.5106,2018-03-26 11:00:05,0.837,0.163,0.0,BBC,"A crack that opened up in Kenya‚Äôs Rift Valley, damaging a section of the Narok-Nairobi highway, is still growing... https://t.co/T5YocDauYj"
488,0.128,2018-03-26 11:00:13,0.914,0.0,0.086,nytimes,"Elliott Broidy, an investor and a defense contractor, marketed his connection to President Trump to politicians and‚Ä¶ https://t.co/TUkXBvTM1O"
487,-0.2263,2018-03-26 11:15:05,0.779,0.13,0.091,nytimes,"Stormy Daniels told ""60 Minutes"" that a man threatened her after she agreed to a tell a magazine about an affair wi‚Ä¶ https://t.co/yZkCW9Re0R"
486,0.0,2018-03-26 11:30:05,1.0,0.0,0.0,nytimes,"Richard Grenell was nominated by President Trump last year for the ambassadorship to Germany, becoming the presiden‚Ä¶ https://t.co/teGrwv0JuJ"
485,0.0,2018-03-26 11:40:04,1.0,0.0,0.0,nytimes,"The NYT review of ""Angels in America"" https://t.co/zn95dEloPu"
7,0.4404,2018-03-26 11:48:03,0.828,0.0,0.172,BBC,Apple wants to introduce new emojis to better represent people with disabilities. ‚ù§Ô∏èÔ∏è https://t.co/CcJfojmtTa https://t.co/ZRdEhVPMEm
107,0.4404,2018-03-26 11:48:03,0.828,0.0,0.172,BBC,Apple wants to introduce new emojis to better represent people with disabilities. ‚ù§Ô∏èÔ∏è https://t.co/CcJfojmtTa https://t.co/ZRdEhVPMEm
484,0.0,2018-03-26 12:00:02,1.0,0.0,0.0,nytimes,"Your daily @DealBook Briefing:

‚Ä¢ Tim Cook thinks regulation of Facebook is inevitable.

‚Ä¢ The U.S. and China are h‚Ä¶ https://t.co/dg46i8dDNg"
483,0.0516,2018-03-26 12:16:02,0.8,0.096,0.104,nytimes,The commitment of the young march organizers to keep the gun issue front and center makes it unlikely to fade befor‚Ä¶ https://t.co/XsMmV4ze6i
482,-0.0516,2018-03-26 12:28:01,0.938,0.062,0.0,nytimes,RT @nickconfessore: NEW from @ddknyt: How a Cambridge Analytica-linked company was allegedly used by Leave campaigners to evade British ele‚Ä¶
479,-0.4767,2018-03-26 12:40:11,0.819,0.181,0.0,FoxNews,"Former MLB slugger Albert Belle arrested at spring training game in Arizona, report says https://t.co/84HxoJHbKW"
481,0.0,2018-03-26 12:46:06,1.0,0.0,0.0,nytimes,"A boy was decapitated when he hit a metal pole on a water slide in Kansas. In an indictment, the authorities said t‚Ä¶ https://t.co/uQQtO9gWpy"
480,0.3034,2018-03-26 12:49:04,0.895,0.0,0.105,nytimes,"RT @NYTSports: EXCLUSIVE: The story of the man who, investigators say, shipped performance-enhancing drugs to more than 8,000 people. https‚Ä¶"
106,0.0,2018-03-26 12:58:02,1.0,0.0,0.0,BBC,"Never let a squirrel nibble your nobble... üéàüêøüò±
https://t.co/cHm9m6At3m"
6,0.0,2018-03-26 12:58:02,1.0,0.0,0.0,BBC,"Never let a squirrel nibble your nobble... üéàüêøüò±
https://t.co/cHm9m6At3m"
478,-0.0516,2018-03-26 12:58:45,0.902,0.098,0.0,FoxNews,RT @FoxBusiness: .@POTUS touted the American economy in a tweet on Monday. https://t.co/UNqRnwQ8lI
399,0.0,2018-03-26 13:00:23,1.0,0.0,0.0,nytimes,Morning¬†Briefing: Here's what you need to know to start your day https://t.co/zMGebRtRjr https://t.co/FKDXtWtmIB
477,-0.7506,2018-03-26 13:03:16,0.652,0.348,0.0,FoxNews,"BREAKING: US expels 60 Russian diplomats, closes consulate in response to ex-spy poisoning https://t.co/tjKuLoRujW"
398,-0.7003,2018-03-26 13:05:43,0.746,0.254,0.0,nytimes,Breaking News: President Trump expelled 60 Russians and closed a consulate in response to the poisoning of an ex-sp‚Ä¶ https://t.co/7e9m5e6jJ0
397,-0.6774,2018-03-26 13:15:06,0.557,0.443,0.0,nytimes,Why it's so hard to hear negative feedback https://t.co/qsrGlmRdjL
396,-0.4215,2018-03-26 13:30:02,0.826,0.174,0.0,nytimes,"The expulsions are the toughest action taken against the Kremlin by President Trump, who has been criticized for no‚Ä¶ https://t.co/aoAH6cBPlF"
476,-0.34,2018-03-26 13:34:16,0.844,0.156,0.0,FoxNews,'The 2nd Amendment Is Outdated': Phillips Talks to Students Marching for Gun Control https://t.co/BJoiCspbj6
475,-0.4215,2018-03-26 13:41:33,0.797,0.203,0.0,FoxNews,"Facebook denies it collected phone call, SMS data despite media reports https://t.co/d0xDtVPU4i"
395,-0.7184,2018-03-26 13:45:09,0.714,0.286,0.0,nytimes,"Along with the long hours, constant confrontation and frequent heartbreak they experience, activists work for littl‚Ä¶ https://t.co/CDGkmORA79"
474,-0.6486,2018-03-26 13:46:46,0.699,0.301,0.0,FoxNews,HomeAway removes rental listing where Iowa family was found dead https://t.co/aOeYdn7oxr
473,-0.3818,2018-03-26 13:54:01,0.867,0.133,0.0,FoxNews,"Troy Edgar, Mayor of Los Alamitos: ‚ÄúWhen [California] passed this sanctuary law, this law basically conflicts with‚Ä¶ https://t.co/wxSWRpBfaW"
472,-0.6249,2018-03-26 13:55:00,0.718,0.282,0.0,FoxNews,Facebook data scandal: Academics refused to carry out 'unethical' Cambridge Analytica research https://t.co/0yi4llGMa6 (via @christocarbone)
471,-0.7506,2018-03-26 13:55:31,0.61,0.39,0.0,FoxNews,'Fake news' in Malaysia could land peddlers in prison for a decade https://t.co/u8Z4SyyzCo
394,-0.2263,2018-03-26 14:00:17,0.853,0.147,0.0,nytimes,"Photos from the ""March for Our Lives"" protests around the world https://t.co/F3RzR8XKv5"
470,0.1779,2018-03-26 14:04:32,0.922,0.0,0.078,FoxNews,Matthew Schrier is the first American to escape Al Qaeda captivity in Syria. Now he‚Äôs speaking out about his claims‚Ä¶ https://t.co/iM8azLChxz
469,0.0,2018-03-26 14:05:47,1.0,0.0,0.0,FoxNews,"Trump orders expulsion of dozens of Russian diplomats, closure of consulate in Seattle https://t.co/6odgJOzV6t https://t.co/nuWT9ukwKO"
468,0.6808,2018-03-26 14:08:42,0.663,0.0,0.337,FoxNews,Barack Obama Hopes for a 'Million Young Obamas' to Lead 'Human Progress' https://t.co/A9u7oyvOFR https://t.co/GMW3zTPFan
393,0.0,2018-03-26 14:16:04,1.0,0.0,0.0,nytimes,"In Opinion

Op-Ed contributor @KadriLiik writes: ""Patriotic hackers"" or ""patriotic trolls"" can act independently, b‚Ä¶ https://t.co/PAkoNOwnhQ"
467,0.4939,2018-03-26 14:25:26,0.856,0.0,0.144,FoxNews,John Sununu: ‚ÄúThe president is‚Ä¶ trying to reduce trade imbalance by a hundred billion dollars. If he succeeds in th‚Ä¶ https://t.co/o3ntqHCEUz
466,-0.5423,2018-03-26 14:30:02,0.741,0.259,0.0,FoxNews,Homeless encampment relocation plan has California residents outraged (via @travfed)  https://t.co/jcbir2AOOc
392,-0.128,2018-03-26 14:30:08,0.927,0.073,0.0,nytimes,"The U.S. military carried out its first ever drone strike against Qaeda militants in southern Libya this weekend, s‚Ä¶ https://t.co/v4vXQHVWiv"
465,0.4767,2018-03-26 14:40:04,0.763,0.0,0.237,FoxNews,Dem Sen. McCaskill Chides Hillary: 'Show Respect' to Trump Voters https://t.co/39oLrIrtWm
391,0.0,2018-03-26 14:44:01,1.0,0.0,0.0,nytimes,"Making the dogs of ""Isle of Dogs"" https://t.co/AFMZN3lboV"
464,0.6808,2018-03-26 14:52:16,0.699,0.0,0.301,FoxNews,"Alice Cooper believes his faith saved him from alcoholism, temptations of rock star lifestyle https://t.co/wZXL8EN12r"
390,0.0,2018-03-26 15:00:32,1.0,0.0,0.0,nytimes,"In Opinion

Op-Ed contributor @krista_r_burton writes: ""Why do people perform their relationships online? Who is it‚Ä¶ https://t.co/Zk3OFBGJVd"
463,0.4019,2018-03-26 15:00:47,0.705,0.11,0.185,FoxNews,Gary Sinise talks new initiative for children of fallen vets: 'The cost of freedom is very high' https://t.co/dHhbNT3YQa
389,-0.7184,2018-03-26 15:10:09,0.76,0.24,0.0,nytimes,"At least 64 people, many of them children, died when a fire burned through a shopping mall in the Siberian city of‚Ä¶ https://t.co/qk5RExZOCt"
105,0.0,2018-03-26 15:11:57,1.0,0.0,0.0,BBC,"In her role as head of the Commonwealth, the Queen embarked on her first tour of the nations in 1953.

But by 1970‚Ä¶ https://t.co/Av61bahNZF"
5,0.0,2018-03-26 15:11:57,1.0,0.0,0.0,BBC,"In her role as head of the Commonwealth, the Queen embarked on her first tour of the nations in 1953.

But by 1970‚Ä¶ https://t.co/Av61bahNZF"
462,-0.4767,2018-03-26 15:16:19,0.838,0.162,0.0,FoxNews,"Former MLB slugger Albert Belle arrested at spring training game in Arizona, report says (via @RyanGaydos) https://t.co/84HxoJHbKW"
388,-0.5574,2018-03-26 15:20:04,0.854,0.146,0.0,nytimes,"RT @lauriegnyt: In the Philippines, divorce is illegal. The result? Many don‚Äôt marry at all. Mistresses are common. Women can‚Äôt remarry eve‚Ä¶"
387,-0.5267,2018-03-26 15:30:11,0.769,0.167,0.064,nytimes,Jim Mattis was dismissed as a warmonger during the Obama presidency. Now the defense secretary may be the only reli‚Ä¶ https://t.co/E3PzoTetXn
461,0.0,2018-03-26 15:33:08,1.0,0.0,0.0,FoxNews,Lt. Col. Michael Waltz on the expulsion of dozens of Russian diplomats and closure of the Russian consulate in Seat‚Ä¶ https://t.co/jBTS0FLr79
460,0.0,2018-03-26 15:34:45,1.0,0.0,0.0,FoxNews,Elon Musk says 'lifesize' LEGO-like bricks that could build walls of small house 'in a day or so' on the way https://t.co/xP65KmHx9k
379,0.0,2018-03-26 15:39:25,1.0,0.0,0.0,FoxNews,RT @FoxBusiness: FTC investigating Facebook over privacy practices https://t.co/h0H1dQPoD2
386,0.0,2018-03-26 15:40:04,1.0,0.0,0.0,nytimes,The Trump administration appears to be using steel and aluminum tariffs as a bargaining chip in trade negotiations.‚Ä¶ https://t.co/uzd6BHtlAY
104,-0.3818,2018-03-26 15:45:04,0.744,0.161,0.095,BBC,"Tom Cruise stars in a remake of the 1953 adaptation of HG Wells‚Äôs classic novel. üçø

War of the Worlds | @BBCiPlayer‚Ä¶ https://t.co/h19JvTlFSA"
4,-0.3818,2018-03-26 15:45:04,0.744,0.161,0.095,BBC,"Tom Cruise stars in a remake of the 1953 adaptation of HG Wells‚Äôs classic novel. üçø

War of the Worlds | @BBCiPlayer‚Ä¶ https://t.co/h19JvTlFSA"
385,0.4215,2018-03-26 15:50:09,0.865,0.0,0.135,nytimes,"Remington, one of the oldest firearm manufacturers in the United States, has filed for bankruptcy amid mounting deb‚Ä¶ https://t.co/ISZZI0Dy5c"
378,0.0,2018-03-26 15:51:09,1.0,0.0,0.0,FoxNews,"Orlando nightclub shooter's father was a secret FBI informant, officials reveal https://t.co/4IY9TRv1bj"
384,0.6124,2018-03-26 16:00:20,0.826,0.0,0.174,nytimes,"RT @kimseverson: Marijuana is coming to a tiny, dying Southern town and @RichardFausset writes about it brilliantly. (You'll learn a lot ab‚Ä¶"
123,0.807,2018-03-26 16:05:18,0.622,0.0,0.378,CBS,"Congratulations to the 53rd #ACMawards New Artist winners @Lauren_Alaina, @MidlandOfficial, and @BrettYoungMusic! W‚Ä¶ https://t.co/Fr8H4arwGj"
23,0.807,2018-03-26 16:05:18,0.622,0.0,0.378,CBS,"Congratulations to the 53rd #ACMawards New Artist winners @Lauren_Alaina, @MidlandOfficial, and @BrettYoungMusic! W‚Ä¶ https://t.co/Fr8H4arwGj"
383,-0.4588,2018-03-26 16:10:07,0.875,0.125,0.0,nytimes,"Stormy Daniels told ""60 Minutes"" that in 2011 a man threatened her if she spoke of her affair with Donald Trump. He‚Ä¶ https://t.co/bRwDEto0DI"
377,-0.5267,2018-03-26 16:18:27,0.732,0.268,0.0,FoxNews,".@David_Bossie: ‚ÄúThe facts are there was no collusion, there was no cooperation.‚Äù #Outnumbered https://t.co/opExoGEcT8"
382,-0.4118,2018-03-26 16:20:08,0.744,0.182,0.074,nytimes,"A grocery war is raging across the United States. At stake is not only the price of toothpaste and bananas, but the‚Ä¶ https://t.co/QgbM6XsJsS"
103,0.5859,2018-03-26 16:25:02,0.787,0.0,0.213,BBC,"‚úàÔ∏è Joy and Mary flew WW2 planes before any navigation system was installed.
#RAFat100 https://t.co/yxNMblfTEf"
3,0.5859,2018-03-26 16:25:02,0.787,0.0,0.213,BBC,"‚úàÔ∏è Joy and Mary flew WW2 planes before any navigation system was installed.
#RAFat100 https://t.co/yxNMblfTEf"
376,0.0,2018-03-26 16:28:29,1.0,0.0,0.0,FoxNews,"Beyonce was bitten in the face by unidentified actress, Tiffany Haddish claims https://t.co/KLJb5LkMVi"
381,0.4019,2018-03-26 16:30:11,0.837,0.0,0.163,nytimes,"RT @nytgraphics: In the upcoming midterm elections, the math favors the Democrats: 41 competitive House seats are held by Republicans, 7 by‚Ä¶"
380,-0.5267,2018-03-26 16:40:08,0.825,0.175,0.0,nytimes,"Others have come at President Trump with indignation, righteousness and appeals to decency. Stormy Daniels swatted‚Ä¶ https://t.co/CfNLtGFM7E"
375,-0.9042,2018-03-26 16:40:09,0.573,0.427,0.0,FoxNews,"JUST IN: Iowa family found dead in Mexico likely killed by water heater gas leak, official says https://t.co/sM5xsAIsJX"
299,0.0,2018-03-26 16:50:10,1.0,0.0,0.0,nytimes,"Meet Tess, seeker of alien worlds https://t.co/oHJWlGO1Rl https://t.co/8mxz1duFIt"
374,0.7172,2018-03-26 16:59:15,0.572,0.0,0.428,FoxNews,Medics taking more active role in active shooter situations https://t.co/yhKTWKpspy
22,0.7959,2018-03-26 16:59:19,0.786,0.0,0.214,CBS,RT @ACMawards: Over the weekend @Reba called the ACM New Artist of the Year winners to let them know they had won! Let‚Äôs just say our New F‚Ä¶
122,0.7959,2018-03-26 16:59:19,0.786,0.0,0.214,CBS,RT @ACMawards: Over the weekend @Reba called the ACM New Artist of the Year winners to let them know they had won! Let‚Äôs just say our New F‚Ä¶
298,0.3818,2018-03-26 17:00:05,0.773,0.055,0.173,nytimes,"RT @EnnisNYT: ‚ÄúIf a Saints cheerleader enters a restaurant and a player is already there, she must leave. If a cheerleader is in a restaura‚Ä¶"
297,0.4404,2018-03-26 17:10:13,0.868,0.0,0.132,nytimes,"Louis Vuitton‚Äôs new artistic director for men‚Äôs wear is Virgil Abloh, a creative director for Kanye West who will b‚Ä¶ https://t.co/MrunGSyo65"
373,0.0,2018-03-26 17:15:38,1.0,0.0,0.0,FoxNews,Stuart Varney: ‚ÄúPresident Trump has a consistent style. He negotiates‚Ä¶and that‚Äôs exactly what he‚Äôs done with China.‚Äù https://t.co/NdMNdWI0nu
372,0.0,2018-03-26 17:17:03,1.0,0.0,0.0,FoxNews,.@BobCusack: ‚ÄúI think that John Bolton deserves his own team.‚Äù #OutnumberedOT https://t.co/lJLiqz0vY8
296,-0.3818,2018-03-26 17:20:10,0.874,0.126,0.0,nytimes,"14 European nations joined the U.S. and Canada in expelling scores of Russian diplomats. They include Germany, Fran‚Ä¶ https://t.co/GF3XQdxSO6"
371,0.771,2018-03-26 17:20:51,0.642,0.0,0.358,FoxNews,OPINION: Reagan was the 'Great Communicator' but Trump may be a more powerful one https://t.co/tGppyjeEew
370,-0.25,2018-03-26 17:25:04,0.864,0.136,0.0,FoxNews,".@BobCusack: ‚ÄúI think the message is that America is going to be tough again‚Ä¶When you talk tough, you can negotiate‚Ä¶ https://t.co/94RTwaQGcK"
295,-0.4019,2018-03-26 17:30:03,0.803,0.197,0.0,nytimes,What we know (and don‚Äôt know) about how to lose weight https://t.co/t1b13HuoVg
102,0.0,2018-03-26 17:30:04,1.0,0.0,0.0,BBC,üê∂üòÇ It was a Dachsh(und) to the finish line. https://t.co/7VvkU5GfUg
2,0.0,2018-03-26 17:30:04,1.0,0.0,0.0,BBC,üê∂üòÇ It was a Dachsh(und) to the finish line. https://t.co/7VvkU5GfUg
294,-0.5423,2018-03-26 17:40:05,0.783,0.166,0.051,nytimes,"RT @jeligon: Erica Garner. MarShawn McCarrel. Darren Seals. Muhiyidin Moye. Edward Crawford. Black Lives Matter activists have died young,‚Ä¶"
369,0.0,2018-03-26 17:47:03,1.0,0.0,0.0,FoxNews,Mountain lion caught after roaming Southern California neighborhood https://t.co/buQhrsp13X
293,-0.4767,2018-03-26 17:50:07,0.866,0.134,0.0,nytimes,"After 61 weeks in the White House, President Trump has found 2 people he won‚Äôt attack on Twitter: Stormy Daniels an‚Ä¶ https://t.co/31KHgrUsMn"
368,0.4588,2018-03-26 17:54:00,0.8,0.0,0.2,FoxNews,"Austin bomber's roommate a 'person of interest' in investigation, McCaul says (via @travfed)  https://t.co/lc7QqLfH0w"
367,0.0,2018-03-26 17:57:09,1.0,0.0,0.0,FoxNews,AWAITING: @WhiteHouse briefing https://t.co/CQub2jcl7M
292,-0.5574,2018-03-26 18:00:19,0.69,0.31,0.0,nytimes,"You know Sister Jean. Meet Father Rob.
https://t.co/B7m8sZnhju https://t.co/eG4Yo2LcQS"
366,0.4215,2018-03-26 18:02:33,0.741,0.0,0.259,FoxNews,Florida‚Äôs year-round daylight saving law raises safety concerns https://t.co/PxjqA4W6l8
365,0.8923,2018-03-26 18:08:37,0.527,0.0,0.473,FoxNews,"'Avengers' star Chris Evans, 'Deadpool's' Ryan Reynolds and more Marvel all-stars help fulfill dying boy's wish https://t.co/sAVdKbH1dj"
291,0.7263,2018-03-26 18:10:07,0.568,0.136,0.296,nytimes,"RT @TimHerrera: Hearing ‚Äî and giving ‚Äî criticism is super hard! Here's why that is, and some ideas to make it go down easier  https://t.co/‚Ä¶"
364,0.0,2018-03-26 18:10:12,1.0,0.0,0.0,FoxNews,.@RajShah45 holds a @WhiteHouse press briefing https://t.co/1rXRX5aTGW
363,0.7845,2018-03-26 18:16:32,0.669,0.0,0.331,FoxNews,.@RajShah45: ‚ÄúToday‚Äôs actions make the United States safer by reducing Russia‚Äôs ability to spy on Americans and to‚Ä¶ https://t.co/B3XXVP6LCd
290,0.4939,2018-03-26 18:20:04,0.738,0.0,0.262,nytimes,How to care for your skin ‚Äî while you sleep https://t.co/uoXLBtptOT
1,0.7783,2018-03-26 18:24:04,0.688,0.0,0.312,BBC,"Tonight, George Alagiah explores the fascinating history of Queen Elizabeth II and her beloved Commonwealth. 

The‚Ä¶ https://t.co/xXer4FRyTq"
101,0.7783,2018-03-26 18:24:04,0.688,0.0,0.312,BBC,"Tonight, George Alagiah explores the fascinating history of Queen Elizabeth II and her beloved Commonwealth. 

The‚Ä¶ https://t.co/xXer4FRyTq"
362,0.5927,2018-03-26 18:26:03,0.805,0.0,0.195,FoxNews,".@RajShah45: ‚ÄúWe want to work with Russia, but this type of an action cannot be tolerated. The United States is res‚Ä¶ https://t.co/ALzaxnXRyO"
289,-0.7003,2018-03-26 18:30:06,0.784,0.216,0.0,nytimes,"RT @nytopinion: A bill in Ohio would ban all abortions, full stop. It's part of a larger strategy to make abortions impossible to obtain fo‚Ä¶"
361,0.2846,2018-03-26 18:31:46,0.888,0.0,0.112,FoxNews,".@RajShah45: ‚ÄúThe president is a strong believer in the Second Amendment, but he does believe other measures could‚Ä¶ https://t.co/ip6pqN9Z3R"
360,0.0,2018-03-26 18:43:23,1.0,0.0,0.0,FoxNews,Republicans push to end Dems' stranglehold on key ambassadorial nominee https://t.co/SGqegJ1YAh
288,0.0,2018-03-26 18:44:40,1.0,0.0,0.0,nytimes,"Facebook‚Äôs privacy practices are being investigated by the Federal Trade Commission, the government agency confirmed https://t.co/EOcXizO8l4"
459,-0.3818,2018-03-26 18:45:10,0.809,0.191,0.0,CNN,These are all the countries that are expelling Russian diplomats https://t.co/ao2mXDsHiK https://t.co/lskFB505tC
458,0.5698,2018-03-26 18:52:24,0.678,0.096,0.227,CNN,"WH deputy press secretary Raj Shah on whether Trump plans to do more about gun safety: ""The President is a strong b‚Ä¶ https://t.co/wJnKtA0A2f"
279,0.5106,2018-03-26 18:57:00,0.777,0.0,0.223,FoxNews,"OPINION: Trump vs. Biden in 2020? Hey, 'Crazy' Joe -- be careful what you wish for https://t.co/hkm4rkqxXP"
457,0.0387,2018-03-26 18:58:56,0.954,0.0,0.046,CNN,"""We want to work with Russia, but the ball's in their court. It is up to them on whether we're going to have a frui‚Ä¶ https://t.co/9Ljpeywrpy"
287,0.0,2018-03-26 19:00:09,1.0,0.0,0.0,nytimes,Is Kim Jong-un visiting China? A video that appears to show an old-style green train arriving in Beijing is fueling‚Ä¶ https://t.co/tUiZEF9TtH
456,0.0,2018-03-26 19:00:52,1.0,0.0,0.0,CNN,Stormy Daniels' lawyer says to expect more evidence of alleged Donald Trump affair in coming weeks and months‚Ä¶ https://t.co/BeoICa4QT0
0,-0.6249,2018-03-26 19:03:02,0.806,0.194,0.0,BBC,"Filmed in Nottingham during the worst winter for the NHS on record, groundbreaking series #Hospital returns tonight‚Ä¶ https://t.co/PVSIcvCGc9"
100,-0.6249,2018-03-26 19:03:02,0.806,0.194,0.0,BBC,"Filmed in Nottingham during the worst winter for the NHS on record, groundbreaking series #Hospital returns tonight‚Ä¶ https://t.co/PVSIcvCGc9"
286,0.296,2018-03-26 19:03:10,0.879,0.0,0.121,nytimes,RT @bydanielvictor: Here's what the Saints require cheerleaders to do to ‚Äúprotect‚Äù themselves from players  https://t.co/61MXS7G0kS https:/‚Ä¶
278,0.2263,2018-03-26 19:09:39,0.853,0.0,0.147,FoxNews,RT @FoxBusiness: Microsoft will be worth $1T within year: Morgan Stanley https://t.co/8f6P3uKTW4
285,-0.7003,2018-03-26 19:10:03,0.756,0.244,0.0,nytimes,Some of the children trapped by the fire sent farewell messages through their social media accounts. Many were repo‚Ä¶ https://t.co/yzbFWU01nz
455,0.0,2018-03-26 19:15:06,1.0,0.0,0.0,CNN,"""Pacific Rim Uprising"" dethrones ""Black Panther"" at the box office https://t.co/kYMhyW4Dbl https://t.co/MSmqF4DGaC"
454,0.0,2018-03-26 19:15:59,1.0,0.0,0.0,CNN,Senate Majority Leader Mitch McConnell announced that he will introduce a bill that would remove hemp from the cont‚Ä¶ https://t.co/ELFEeKmzAX
453,-0.5423,2018-03-26 19:18:39,0.829,0.171,0.0,CNN,Most Americans already thought Trump was a cheater before the Stormy Daniels interview | Analysis by CNN's Harry En‚Ä¶ https://t.co/BrEaGNh47J
284,-0.5267,2018-03-26 19:20:01,0.855,0.145,0.0,nytimes,The Democratic primary for governor may be less than a week old but the battle between Gov. Cuomo and Cynthia Nixon‚Ä¶ https://t.co/7JGUwM3CeI
452,0.0,2018-03-26 19:26:20,1.0,0.0,0.0,CNN,Thousands of new voters signed up during the March for Our Lives https://t.co/G9zldsbuXo https://t.co/VrrnJmYadm
283,0.0,2018-03-26 19:30:05,1.0,0.0,0.0,nytimes,RT @poniewozik: Stormy Daniels spanked Donald Trump with a network newsmagazine. https://t.co/prQASw7buB
451,0.0,2018-03-26 19:30:05,1.0,0.0,0.0,CNN,"Anderson Cooper's Stormy Daniels interview draws highest ratings for ""60 Minutes"" in 10 years‚Ä¶ https://t.co/MRFhedglwf"
277,-0.8271,2018-03-26 19:31:34,0.539,0.461,0.0,FoxNews,"Father, son killed in collapse inside silo at Wisconsin farm https://t.co/s4Vd4KkuD6"
450,0.0258,2018-03-26 19:35:43,0.95,0.0,0.05,CNN,Don't count out Microsoft in the race to $1 trillion. Analysts at Morgan Stanley say the company could reach that m‚Ä¶ https://t.co/QgiQWj1Tfv
276,0.0,2018-03-26 19:36:46,1.0,0.0,0.0,FoxNews,"White House: Stormy Daniels is 'inconsistent,' Trump doesn't believe her claims are 'accurate' - via @brookefoxnews 
https://t.co/ueX4gGk6Gp"
282,0.5423,2018-03-26 19:40:04,0.653,0.06,0.286,nytimes,New Orleans Saints cheerleaders have to leave a restaurant if a player comes in. A cheerleader is challenging such‚Ä¶ https://t.co/PUJaP3jtoZ
449,0.0772,2018-03-26 19:40:08,0.804,0.09,0.106,CNN,"A strange and unsettling sight greeted passersby in central London: Life-sized sculptures of 84 men, perched on the‚Ä¶ https://t.co/39tCXe9zcV"
448,0.4019,2018-03-26 19:45:07,0.856,0.0,0.144,CNN,"Rubio reiterates support for ""red flag"" laws after facing heat from March for Our Lives students‚Ä¶ https://t.co/B2pqL6DwyL"
275,-0.1779,2018-03-26 19:48:00,0.884,0.116,0.0,FoxNews,"'13 Prosecutors, 30 FBI Agents': @Judgenap Says #Trump Must Take Mueller Probe Seriously https://t.co/rnBgaomvAV"
281,0.0,2018-03-26 19:50:01,1.0,0.0,0.0,nytimes,"RT @nytimesarts: The diverse and strongly-reviewed ""One Day at a Time"" has been renewed for a third season on Netflix https://t.co/A9Rjr0qd‚Ä¶"
274,-0.1027,2018-03-26 19:59:00,0.865,0.135,0.0,FoxNews,"Netanyahu, wife, son questioned by police in corruption case https://t.co/oZyoJAmlbE"
447,-0.34,2018-03-26 20:00:09,0.821,0.179,0.0,CNN,White House says Trump continues to deny Stormy Daniels affair https://t.co/cZHcq6mNrT https://t.co/zDYRYICyJl
446,-0.4767,2018-03-26 20:04:40,0.86,0.14,0.0,CNN,"RT @CNNMoney: .@AriannaHuff says it‚Äôs a ""dangerous moment"" for tech companies today and thinks it‚Äôs the responsibility of media outlets to‚Ä¶"
445,0.0,2018-03-26 20:07:04,1.0,0.0,0.0,CNN,Films with women or minorities in lead roles have led the box office 11 out of 12 weekends this year‚Ä¶ https://t.co/Rzp9daYjdQ
280,0.5267,2018-03-26 20:10:03,0.793,0.0,0.207,nytimes,"Review: ""Angels in America,"" starring Andrew Garfield and Nathan Lane, is ""flat-out fabulous"" https://t.co/QNh39X6QwQ"
444,0.5267,2018-03-26 20:11:28,0.841,0.0,0.159,CNN,The Dow surged 669 points ‚Äî its third-biggest point gain in history ‚Äî in a sharp reversal after the stock market's‚Ä¶ https://t.co/Eb89RmYUBm
273,0.0,2018-03-26 20:12:45,1.0,0.0,0.0,FoxNews,RT @FoxBusiness: At the close: The markets surged after China said it's open to trade talks with the U.S. The three major averages saw bigg‚Ä¶
443,-0.5106,2018-03-26 20:15:03,0.82,0.18,0.0,CNN,Wrongly-convicted man gets job back with the White Sox after 23 years in prison https://t.co/8aRy6SP5uV https://t.co/3tN28LWoz2
199,0.0,2018-03-26 20:20:05,1.0,0.0,0.0,nytimes,"The ‚Äú60 Minutes‚Äù interview of Stormy Daniels drew 22 million viewers, more than this year‚Äôs Grammys (19.8 million)‚Ä¶ https://t.co/eaq4o6bsAY"
99,0.0,2018-03-26 20:20:05,1.0,0.0,0.0,nytimes,"The ‚Äú60 Minutes‚Äù interview of Stormy Daniels drew 22 million viewers, more than this year‚Äôs Grammys (19.8 million)‚Ä¶ https://t.co/eaq4o6bsAY"
272,-0.9062,2018-03-26 20:22:00,0.514,0.486,0.0,FoxNews,Houthi rebels' rocket attack on Saudi Arabia kills 1 as Yemen war hits year three (via @christocarbone) https://t.co/Fu6osTv568
442,0.4767,2018-03-26 20:24:16,0.866,0.0,0.134,CNN,"President Trump's approval rating rose to 42% in a new CNN poll, its highest level since the 100-day mark of Trump'‚Ä¶ https://t.co/DhZPEX4utL"
198,0.0,2018-03-26 20:30:05,1.0,0.0,0.0,nytimes,The lawyer for the Pulse gunman‚Äôs widow wants the case against her thrown out after it was revealed that the gunman‚Ä¶ https://t.co/ddOF0vInOO
98,0.0,2018-03-26 20:30:05,1.0,0.0,0.0,nytimes,The lawyer for the Pulse gunman‚Äôs widow wants the case against her thrown out after it was revealed that the gunman‚Ä¶ https://t.co/ddOF0vInOO
441,0.0,2018-03-26 20:30:18,1.0,0.0,0.0,CNN,"What to expect in Season 3 of ""Stranger Things"" https://t.co/fGrqwjbRs0 https://t.co/iiJmhIWE2G"
271,-0.5267,2018-03-26 20:31:21,0.805,0.195,0.0,FoxNews,"Orlando nightclub shooter's father, an FBI informant, brushed off son's terror comments, agent says https://t.co/m1HPaD9ZCd"
440,0.0,2018-03-26 20:33:25,1.0,0.0,0.0,CNN,RT @AC360: Anderson Cooper's interview with Stormy Daniels replays tonight 8p ET on CNN https://t.co/DwVRnDI7kX https://t.co/qbTfLdNI0F
270,0.4404,2018-03-26 20:35:00,0.664,0.114,0.221,FoxNews,"""Everything that could go wrong was shutting down inside of me.‚Äù

Rocker Alice Cooper, who saw his good friends and‚Ä¶ https://t.co/zPLO569jKF"
359,-0.2263,2018-03-26 20:36:34,0.894,0.106,0.0,CNN,BREAKING: Porn star Stormy Daniels has filed a lawsuit for defamation against President Donald Trump's personal att‚Ä¶ https://t.co/jVNSLCIL7n
97,-0.8225,2018-03-26 20:41:03,0.636,0.364,0.0,nytimes,A fatal helicopter crash in New York‚Äôs East River may have been caused by a passenger‚Äôs harness accidentally trippi‚Ä¶ https://t.co/Y33509wC43
197,-0.8225,2018-03-26 20:41:03,0.636,0.364,0.0,nytimes,A fatal helicopter crash in New York‚Äôs East River may have been caused by a passenger‚Äôs harness accidentally trippi‚Ä¶ https://t.co/Y33509wC43
121,0.0,2018-03-26 20:42:48,1.0,0.0,0.0,CBS,"RT @ACMawards: In case you didn‚Äôt know, the ACM for New Male Vocalist of the Year goes to @BrettYoungMusic. Check out his reaction when @Re‚Ä¶"
21,0.0,2018-03-26 20:42:48,1.0,0.0,0.0,CBS,"RT @ACMawards: In case you didn‚Äôt know, the ACM for New Male Vocalist of the Year goes to @BrettYoungMusic. Check out his reaction when @Re‚Ä¶"
358,0.0,2018-03-26 20:45:05,1.0,0.0,0.0,CNN,"The IRS is still using fax machines. It's time for a makeover, writes Lynn Jenkins for @CNNOpinion.‚Ä¶ https://t.co/eanhKhTfqo"
269,0.0,2018-03-26 20:48:00,1.0,0.0,0.0,FoxNews,King Tutankhamun bombshell? Mysterious pharaoh may have been a boy soldier https://t.co/hTRJjegalo
196,-0.34,2018-03-26 20:50:05,0.902,0.098,0.0,nytimes,"RT @NYTScience: Sometime in the next week, a 9.4-ton Chinese space station is expected to come hurtling back to earth. But you probably hav‚Ä¶"
96,-0.34,2018-03-26 20:50:05,0.902,0.098,0.0,nytimes,"RT @NYTScience: Sometime in the next week, a 9.4-ton Chinese space station is expected to come hurtling back to earth. But you probably hav‚Ä¶"
357,0.5106,2018-03-26 20:51:02,0.798,0.0,0.202,CNN,"New York's historic Trinity Church, which survived 9/11, now has metal detectors https://t.co/HK0vR5rvXa https://t.co/2bfYUxJh4Q"
195,0.0,2018-03-26 21:00:13,1.0,0.0,0.0,nytimes,"RT @poniewozik: The new Roseanne has its limits, but it's a revival with more reason for existing than ""Eh, why not?"" https://t.co/jKTC30dG‚Ä¶"
95,0.0,2018-03-26 21:00:13,1.0,0.0,0.0,nytimes,"RT @poniewozik: The new Roseanne has its limits, but it's a revival with more reason for existing than ""Eh, why not?"" https://t.co/jKTC30dG‚Ä¶"
356,0.0,2018-03-26 21:00:16,1.0,0.0,0.0,CNN,India will be Uber's last stand in Asia https://t.co/eFzQV5GLxX https://t.co/E0NqzysSCP
268,-0.5719,2018-03-26 21:01:05,0.701,0.299,0.0,FoxNews,A 380-lb girl with a genetic disorder that causes constant hunger crowned a pageant queen https://t.co/UtG7t931kX
355,0.7137,2018-03-26 21:01:15,0.762,0.0,0.238,CNN,".@AriannaHuff is one of the most influential women in media, but today she defines herself as a wellness guru and a‚Ä¶ https://t.co/i35ti2wGve"
267,-0.296,2018-03-26 21:11:09,0.82,0.18,0.0,FoxNews,'Beginning of the end?' No new babies for endangered whales https://t.co/E4EQ0gAdbM
354,-0.2732,2018-03-26 21:15:10,0.84,0.16,0.0,CNN,Rolling back Dodd-Frank regulations could put big banks at risk https://t.co/dapCRn93zA https://t.co/yybiTGTlaL
353,-0.4019,2018-03-26 21:15:40,0.876,0.124,0.0,CNN,The NTSB has released a preliminary report on a deadly helicopter crash in New York's East River. Here are key poin‚Ä¶ https://t.co/qGV0tO2WUf
94,-0.3818,2018-03-26 21:17:06,0.874,0.126,0.0,nytimes,One NYT reader's reaction to President Trump expelling 60 Russians and closing a consulate in response to the poiso‚Ä¶ https://t.co/LQXzs3DbW7
194,-0.3818,2018-03-26 21:17:06,0.874,0.126,0.0,nytimes,One NYT reader's reaction to President Trump expelling 60 Russians and closing a consulate in response to the poiso‚Ä¶ https://t.co/LQXzs3DbW7
266,0.0,2018-03-26 21:18:00,1.0,0.0,0.0,FoxNews,"#Trump orders expulsion of dozens of Russian diplomats, closure of consulate in Seattle https://t.co/Bo2ib1Flw3"
352,0.0,2018-03-26 21:21:09,1.0,0.0,0.0,CNN,The prices of the 20 most commonly prescribed brand-name drugs for seniors have risen nearly 10 times more than the‚Ä¶ https://t.co/vVCVy8lFk9
351,0.0,2018-03-26 21:25:20,1.0,0.0,0.0,CNN,Anderson Cooper's interview with Stormy Daniels replays tonight at 8p ET on CNN https://t.co/PFiSPtjFmu https://t.co/oMg2uv4rS9
265,-0.4939,2018-03-26 21:26:51,0.802,0.198,0.0,FoxNews,OPINION: Did Facebook‚Äôs ‚Äòfavors‚Äô for the Obama campaign constitute a violation of federal law?  https://t.co/guRc6TqvVn
350,0.0772,2018-03-26 21:30:19,0.894,0.0,0.106,CNN,These are the lawmakers who want Mark Zuckerberg to testify https://t.co/cvzP44pN3m https://t.co/TpGiEKoRft
264,-0.6808,2018-03-26 21:31:45,0.763,0.237,0.0,FoxNews,.@JesseBWatters: ‚ÄúThe guy had a rifle because the Bill of Rights said an 18-year-old with no criminal record can ha‚Ä¶ https://t.co/MfcOw5CC3y
193,0.5859,2018-03-26 21:32:07,0.789,0.0,0.211,nytimes,Here's how to create your own support system when you don't have a spouse or kids to fall back on https://t.co/OtWwllbDnF
93,0.5859,2018-03-26 21:32:07,0.789,0.0,0.211,nytimes,Here's how to create your own support system when you don't have a spouse or kids to fall back on https://t.co/OtWwllbDnF
349,-0.3612,2018-03-26 21:36:04,0.865,0.135,0.0,CNN,Former President Jimmy Carter sharply criticized President Trump's decision to appoint John Bolton as national secu‚Ä¶ https://t.co/6mZCZSGlvq
348,0.0,2018-03-26 21:42:38,1.0,0.0,0.0,CNN,"There are many, many similarities in Stormy Daniels' and Karen McDougal's stories about Donald Trump | Analysis by‚Ä¶ https://t.co/BbEj2ghINJ"
263,-0.3818,2018-03-26 21:44:29,0.86,0.14,0.0,FoxNews,.@TheJuanWilliams on President #Trump expelling dozens of Russian diplomats: ‚ÄúI think that people who were critical‚Ä¶ https://t.co/5h3CZkQs3j
347,0.0,2018-03-26 21:45:05,1.0,0.0,0.0,CNN,4 things to know about your cryptocurrency at tax time https://t.co/dk2GFyXttD https://t.co/3fWR6JpRbM
192,0.6124,2018-03-26 21:47:02,0.639,0.086,0.274,nytimes,"RT @jeligon: .@es_snipes fought vigorously for black lives. What did the movement do to support her? Not enough, friends say. https://t.co/‚Ä¶"
92,0.6124,2018-03-26 21:47:02,0.639,0.086,0.274,nytimes,"RT @jeligon: .@es_snipes fought vigorously for black lives. What did the movement do to support her? Not enough, friends say. https://t.co/‚Ä¶"
346,0.4767,2018-03-26 21:50:01,0.866,0.0,0.134,CNN,"President Trump's approval rating rose to 42% in a new CNN poll, its highest level since the 100-day mark of Trump'‚Ä¶ https://t.co/PAVMeVqJqa"
345,0.0,2018-03-26 21:50:56,1.0,0.0,0.0,CNN,"Nearly two-thirds of Americans say they believe the women alleging affairs with Trump, according to new CNN/SSRS po‚Ä¶ https://t.co/uEum1Qg6Hf"
262,0.4323,2018-03-26 21:52:45,0.651,0.113,0.237,FoxNews,.@kimguilfoyle on President #Trump expelling dozens of Russian diplomats: ‚ÄúIt bodes very well for United States nat‚Ä¶ https://t.co/O9WeVfOnRC
261,0.0,2018-03-26 21:53:20,1.0,0.0,0.0,FoxNews,"Stormy Daniels files defamation suit against Trump attorney Michael Cohen - via @brookefoxnews 
https://t.co/BzkxtA06fu"
344,-0.6486,2018-03-26 21:54:19,0.798,0.202,0.0,CNN,"RT @CNNSitRoom: ""What Putin did here, and there's no question he did it personally, was order a chemical attack ... [on] maybe our closest‚Ä¶"
260,-0.8442,2018-03-26 21:55:00,0.531,0.406,0.063,FoxNews,Ohio Gov. @JohnKasich commutes death sentence of man who killed woman during robbery https://t.co/bF1ezbBaTB
179,0.771,2018-03-26 22:00:01,0.642,0.0,0.358,FoxNews,OPINION: Reagan was the 'Great Communicator' but #Trump may be a more powerful one  https://t.co/97xBRoVcMz
79,0.771,2018-03-26 22:00:01,0.642,0.0,0.358,FoxNews,OPINION: Reagan was the 'Great Communicator' but #Trump may be a more powerful one  https://t.co/97xBRoVcMz
178,-0.5267,2018-03-26 22:02:00,0.805,0.195,0.0,FoxNews,"Orlando nightclub shooter's father, an FBI informant, brushed off son's terror comments, agent says https://t.co/m1HPaDrAtL"
78,-0.5267,2018-03-26 22:02:00,0.805,0.195,0.0,FoxNews,"Orlando nightclub shooter's father, an FBI informant, brushed off son's terror comments, agent says https://t.co/m1HPaDrAtL"
343,0.5574,2018-03-26 22:02:07,0.865,0.0,0.135,CNN,"Linda Brown, who as a little girl was at the center of the Brown v. Board of Education US Supreme Court case that e‚Ä¶ https://t.co/WFz6TNFKbl"
342,0.4215,2018-03-26 22:03:49,0.859,0.0,0.141,CNN,Firefighters in southwest China rescued a 6-year-old who girl fell into a narrow crack separating her house from he‚Ä¶ https://t.co/DOMbeeSQkB
341,-0.3612,2018-03-26 22:04:14,0.884,0.116,0.0,CNN,"The FBI has taken custody of multiple suspicious packages sent to military locations in the Washington, DC, area, a‚Ä¶ https://t.co/mXCh2XuYId"
340,-0.2263,2018-03-26 22:05:42,0.808,0.192,0.0,CNN,Read: Stormy Daniels' lawsuit against Michael Cohen https://t.co/MKozIfrHGo https://t.co/FRVdCXzNvc
177,-0.4019,2018-03-26 22:11:00,0.703,0.195,0.103,FoxNews,"Former NFL cheerleader claims she was fired over Instagram picture, report says (via @RyanGaydos) https://t.co/ZxCdXpS6ZF"
77,-0.4019,2018-03-26 22:11:00,0.703,0.195,0.103,FoxNews,"Former NFL cheerleader claims she was fired over Instagram picture, report says (via @RyanGaydos) https://t.co/ZxCdXpS6ZF"
259,-0.4215,2018-03-26 22:11:05,0.797,0.203,0.0,CNN,House Speaker Paul Ryan denies a rumor that he's stepping down https://t.co/thznHCAQ9C https://t.co/okbYQF0R81
258,-0.3612,2018-03-26 22:14:02,0.865,0.135,0.0,CNN,"Multiple suspicious packages were sent to military locations in the Washington, DC, area, a law enforcement officia‚Ä¶ https://t.co/D18XOPK2Kw"
120,0.508,2018-03-26 22:14:25,0.88,0.0,0.12,CBS,"RT @ACMawards: The ACM for New Vocal Group of the Year goes to @MidlandOfficial! And yes, that really was @Reba on the phone! #ACMawards ht‚Ä¶"
20,0.508,2018-03-26 22:14:25,0.88,0.0,0.12,CBS,"RT @ACMawards: The ACM for New Vocal Group of the Year goes to @MidlandOfficial! And yes, that really was @Reba on the phone! #ACMawards ht‚Ä¶"
257,0.0,2018-03-26 22:15:06,1.0,0.0,0.0,CNN,"Supercar SUVs are hot, but don't expect an SUV from Ferrari https://t.co/UVa5pN5FpK https://t.co/Es5g6xe0R6"
191,0.4939,2018-03-26 22:17:03,0.814,0.0,0.186,nytimes,A sprawling exhibition in Amsterdam looks at how a fascination with Japan shaped van Gogh's work https://t.co/bdRjmcrJEl
91,0.4939,2018-03-26 22:17:03,0.814,0.0,0.186,nytimes,A sprawling exhibition in Amsterdam looks at how a fascination with Japan shaped van Gogh's work https://t.co/bdRjmcrJEl
256,-0.2617,2018-03-26 22:22:31,0.898,0.102,0.0,CNN,"The US punishes Russia, but Trump hedges bets on Putin | Analysis by CNN's Stephen Collinson and Zachary Cohen‚Ä¶ https://t.co/qKWmhc8u08"
176,0.0,2018-03-26 22:26:04,1.0,0.0,0.0,FoxNews,Cat returns home two days after owners bury its 'remains' https://t.co/5aYPrD5J0y
76,0.0,2018-03-26 22:26:04,1.0,0.0,0.0,FoxNews,Cat returns home two days after owners bury its 'remains' https://t.co/5aYPrD5J0y
255,-0.296,2018-03-26 22:30:12,0.845,0.155,0.0,CNN,"Florida Gov. Rick Scott teases a ""big announcement"" amid Florida Senate speculation https://t.co/fkk3XdKrWa https://t.co/1gb5TKx6qT"
254,0.5994,2018-03-26 22:31:16,0.811,0.0,0.189,CNN,"RT @CNNMoney: ""It's easy to take for granted all of these gifts Mother Nature gives us."" Director Darren Aronofsky and producer Ari Handel‚Ä¶"
190,-0.1531,2018-03-26 22:32:03,0.708,0.179,0.113,nytimes,"‚ÄúThis is a deplorable way to treat a veteran who risked his life in combat for our nation,‚Äù Senator Tammy Duckworth‚Ä¶ https://t.co/GNFXVeadzt"
90,-0.1531,2018-03-26 22:32:03,0.708,0.179,0.113,nytimes,"‚ÄúThis is a deplorable way to treat a veteran who risked his life in combat for our nation,‚Äù Senator Tammy Duckworth‚Ä¶ https://t.co/GNFXVeadzt"
253,0.0,2018-03-26 22:32:24,1.0,0.0,0.0,CNN,"Cambridge Analytica sent non-US citizens to work on American campaigns during the 2014 midterm election cycle, a fo‚Ä¶ https://t.co/SUkg3i2FWc"
175,-0.4767,2018-03-26 22:34:00,0.763,0.237,0.0,FoxNews,"Stoneman Douglas memorial site robbed of teddy bears, mementos; 2 arrested https://t.co/8w9BgNFxrw"
75,-0.4767,2018-03-26 22:34:00,0.763,0.237,0.0,FoxNews,"Stoneman Douglas memorial site robbed of teddy bears, mementos; 2 arrested https://t.co/8w9BgNFxrw"
252,0.4939,2018-03-26 22:40:57,0.789,0.0,0.211,CNN,Harry Potter inspired the Parkland generation | By Rachel Sklar via @CNNOpinion https://t.co/ZUO9Nkl3Wu https://t.co/7bWW4yIncy
251,0.4767,2018-03-26 22:41:27,0.866,0.0,0.134,CNN,"President Trump's approval rating rose to 42% in a new CNN poll, its highest level since the 100-day mark of Trump'‚Ä¶ https://t.co/jAaIkC2jnz"
174,0.4939,2018-03-26 22:42:00,0.849,0.0,0.151,FoxNews,John Sununu: ‚ÄúThe president is‚Ä¶trying to reduce trade imbalance by a hundred billion dollars. If he succeeds in tha‚Ä¶ https://t.co/9187qaBgvz
74,0.4939,2018-03-26 22:42:00,0.849,0.0,0.151,FoxNews,John Sununu: ‚ÄúThe president is‚Ä¶trying to reduce trade imbalance by a hundred billion dollars. If he succeeds in tha‚Ä¶ https://t.co/9187qaBgvz
189,0.0,2018-03-26 22:45:06,1.0,0.0,0.0,nytimes,Evening Briefing: Here's what you need to know at the end of the day https://t.co/FmmZKTkugK
89,0.0,2018-03-26 22:45:06,1.0,0.0,0.0,nytimes,Evening Briefing: Here's what you need to know at the end of the day https://t.co/FmmZKTkugK
250,0.0,2018-03-26 22:45:07,1.0,0.0,0.0,CNN,Mystery train carries rumors about a Kim Jong Un visit to China https://t.co/LzOjWoxf0r https://t.co/afC1hRZxie
173,0.3818,2018-03-26 22:50:01,0.843,0.0,0.157,FoxNews,".@MZHemingway: ‚ÄúObjectively speaking, [President Trump‚Äôs] been stronger than either of his two predecessors against‚Ä¶ https://t.co/gRptNTfiHj"
73,0.3818,2018-03-26 22:50:01,0.843,0.0,0.157,FoxNews,".@MZHemingway: ‚ÄúObjectively speaking, [President Trump‚Äôs] been stronger than either of his two predecessors against‚Ä¶ https://t.co/gRptNTfiHj"
249,0.0,2018-03-26 22:55:04,1.0,0.0,0.0,CNN,"Do you have a right to know who's watching you on the internet, and how? This privacy activist is on a mission to g‚Ä¶ https://t.co/8jfIHVbau2"
72,-0.3612,2018-03-26 22:56:05,0.839,0.161,0.0,FoxNews,"BREAKING: Multiple suspicious packages containing explosive material sent to DC-area military installations, neutra‚Ä¶ https://t.co/jkwoVZgdnX"
172,-0.3612,2018-03-26 22:56:05,0.839,0.161,0.0,FoxNews,"BREAKING: Multiple suspicious packages containing explosive material sent to DC-area military installations, neutra‚Ä¶ https://t.co/jkwoVZgdnX"
248,-0.9062,2018-03-26 23:00:28,0.383,0.617,0.0,CNN,"""The Terror"" finds icy horror in doomed voyage https://t.co/7AhoP75z49 https://t.co/JOO4f5SDAU"
188,0.0,2018-03-26 23:02:04,1.0,0.0,0.0,nytimes,Planning a trip to Memphis? Here's what you should bring. https://t.co/mXqFo0yzG6
88,0.0,2018-03-26 23:02:04,1.0,0.0,0.0,nytimes,Planning a trip to Memphis? Here's what you should bring. https://t.co/mXqFo0yzG6
247,0.2263,2018-03-26 23:05:01,0.888,0.0,0.112,CNN,"Netflix has its eye on another season of ""Queer Eye for the Straight Guy"" https://t.co/cziEB1gMeG https://t.co/UA5gAd6tyv"
71,-0.6486,2018-03-26 23:09:14,0.719,0.281,0.0,FoxNews,"Linda Brown, center of Brown v. Board case, dead at 76 https://t.co/F5U0Bv2IgH"
171,-0.6486,2018-03-26 23:09:14,0.719,0.281,0.0,FoxNews,"Linda Brown, center of Brown v. Board case, dead at 76 https://t.co/F5U0Bv2IgH"
246,0.0,2018-03-26 23:10:09,1.0,0.0,0.0,CNN,.@AriannaHuff tells @PoppyHarlowCNN we need to ‚Äúdisconnect in a connected world today‚Äù and why she wants to you to‚Ä¶ https://t.co/Bwr5LYw2kh
245,0.0,2018-03-26 23:15:03,1.0,0.0,0.0,CNN,Garry Shandling and Arthur Miller profiled in deeply personal HBO docs https://t.co/1X8tKxUvjh https://t.co/KMrwH3hLUS
87,-0.5574,2018-03-26 23:17:04,0.833,0.167,0.0,nytimes,Linda Brown has died. The Kansas schoolgirl came to symbolize the transformative Brown v. Board of Education desegr‚Ä¶ https://t.co/a0bJJfESbP
187,-0.5574,2018-03-26 23:17:04,0.833,0.167,0.0,nytimes,Linda Brown has died. The Kansas schoolgirl came to symbolize the transformative Brown v. Board of Education desegr‚Ä¶ https://t.co/a0bJJfESbP
70,-0.3182,2018-03-26 23:17:19,0.699,0.179,0.122,FoxNews,Former Al Qaeda hostage in Syria alleges FBI sacrificed his safety to track terrorists. Catherine Herridge reports.‚Ä¶ https://t.co/qtPbgkxurP
170,-0.3182,2018-03-26 23:17:19,0.699,0.179,0.122,FoxNews,Former Al Qaeda hostage in Syria alleges FBI sacrificed his safety to track terrorists. Catherine Herridge reports.‚Ä¶ https://t.co/qtPbgkxurP
169,-0.5267,2018-03-26 23:24:30,0.794,0.206,0.0,FoxNews,".@Judgenap on former hostage accusing FBI of misleading his family: ‚ÄúThe FBI, in this particular case, couldn‚Äôt car‚Ä¶ https://t.co/pceGYbiwEc"
69,-0.5267,2018-03-26 23:24:30,0.794,0.206,0.0,FoxNews,".@Judgenap on former hostage accusing FBI of misleading his family: ‚ÄúThe FBI, in this particular case, couldn‚Äôt car‚Ä¶ https://t.co/pceGYbiwEc"
244,0.0,2018-03-26 23:30:14,1.0,0.0,0.0,CNN,Iceland is bringing geothermal heating to China https://t.co/Wf4gihkyDN https://t.co/f0hoj5EIA0
86,-0.8957,2018-03-26 23:32:04,0.565,0.435,0.0,nytimes,"RT @nytimesworld: She escaped a 1942 roundup of Jews in Paris, and died in a 2018 hate crime https://t.co/bwlI9EawZ1"
186,-0.8957,2018-03-26 23:32:04,0.565,0.435,0.0,nytimes,"RT @nytimesworld: She escaped a 1942 roundup of Jews in Paris, and died in a 2018 hate crime https://t.co/bwlI9EawZ1"
243,-0.5859,2018-03-26 23:38:28,0.798,0.202,0.0,CNN,The bankruptcy of Remington marks a blow to the gun industry and the decline of one of America's oldest gun compani‚Ä¶ https://t.co/G2PWuxAspF
68,-0.4019,2018-03-26 23:41:55,0.881,0.119,0.0,FoxNews,.@dbongino: ‚ÄúThe problem with this debate is you have people who live in these cultural bubbles who talk about gun‚Ä¶ https://t.co/MKZeoA4tH5
168,-0.4019,2018-03-26 23:41:55,0.881,0.119,0.0,FoxNews,.@dbongino: ‚ÄúThe problem with this debate is you have people who live in these cultural bubbles who talk about gun‚Ä¶ https://t.co/MKZeoA4tH5
242,-0.8658,2018-03-26 23:45:04,0.553,0.447,0.0,CNN,How the cricket cheating scandal in Australia harms the national psyche https://t.co/6E7MA3eiti | via @CNNOpinion https://t.co/cYJlFKlMMY
185,0.5106,2018-03-26 23:47:06,0.645,0.0,0.355,nytimes,"Villanova has a beloved team chaplain, too https://t.co/cMje3sdrCj"
85,0.5106,2018-03-26 23:47:06,0.645,0.0,0.355,nytimes,"Villanova has a beloved team chaplain, too https://t.co/cMje3sdrCj"
67,0.2023,2018-03-26 23:47:52,0.904,0.0,0.096,FoxNews,.@KyleKashuv: ‚ÄúGun control won‚Äôt solve this issue. We‚Äôve seen that we have to hold our government accountable.‚Äù‚Ä¶ https://t.co/aB0kWxW6nj
167,0.2023,2018-03-26 23:47:52,0.904,0.0,0.096,FoxNews,.@KyleKashuv: ‚ÄúGun control won‚Äôt solve this issue. We‚Äôve seen that we have to hold our government accountable.‚Äù‚Ä¶ https://t.co/aB0kWxW6nj
241,-0.3818,2018-03-26 23:48:48,0.809,0.191,0.0,CNN,These are all the countries that are expelling Russian diplomats https://t.co/kDqWGm1Lnp https://t.co/JPKciaQwCQ
240,0.765,2018-03-26 23:55:17,0.742,0.0,0.258,CNN,Did the Trump campaign and John Bolton's super PAC get help from overseas? | By Fred Wertheimer and Norman Eisen fo‚Ä¶ https://t.co/dTabQC4fK6
166,-0.6808,2018-03-26 23:58:48,0.763,0.237,0.0,FoxNews,.@JesseBWatters: ‚ÄúThe guy had a rifle because the Bill of Rights said an 18-year-old with no criminal record can ha‚Ä¶ https://t.co/fkSX5vjUNZ
66,-0.6808,2018-03-26 23:58:48,0.763,0.237,0.0,FoxNews,.@JesseBWatters: ‚ÄúThe guy had a rifle because the Bill of Rights said an 18-year-old with no criminal record can ha‚Ä¶ https://t.co/fkSX5vjUNZ
59,0.0772,2018-03-27 00:00:19,0.544,0.218,0.238,CNN,Austin seeks peace amid the grief https://t.co/ceCQor8DX3 | via @CNNOpinion https://t.co/aK3Q1IB0o5
159,0.0772,2018-03-27 00:00:19,0.544,0.218,0.238,CNN,Austin seeks peace amid the grief https://t.co/ceCQor8DX3 | via @CNNOpinion https://t.co/aK3Q1IB0o5
184,-0.5574,2018-03-27 00:02:02,0.735,0.265,0.0,nytimes,RT @maggieNYT: NEWS: Trump Talks of Bringing Back Rob Porter  https://t.co/1BleAd2VZN
84,-0.5574,2018-03-27 00:02:02,0.735,0.265,0.0,nytimes,RT @maggieNYT: NEWS: Trump Talks of Bringing Back Rob Porter  https://t.co/1BleAd2VZN
58,0.25,2018-03-27 00:05:09,0.707,0.121,0.172,CNN,You'll know the gun control movement is winning when... | Analysis by CNN's Gregory Krieg https://t.co/iT8rw9CkXI https://t.co/bOlllLHuu9
158,0.25,2018-03-27 00:05:09,0.707,0.121,0.172,CNN,You'll know the gun control movement is winning when... | Analysis by CNN's Gregory Krieg https://t.co/iT8rw9CkXI https://t.co/bOlllLHuu9
157,0.0,2018-03-27 00:05:30,1.0,0.0,0.0,CNN,Starting now: Anderson Cooper's interview with Stormy Daniels replays now on CNN. https://t.co/UYpqI3esEb https://t.co/87zXwajZTN
57,0.0,2018-03-27 00:05:30,1.0,0.0,0.0,CNN,Starting now: Anderson Cooper's interview with Stormy Daniels replays now on CNN. https://t.co/UYpqI3esEb https://t.co/87zXwajZTN
156,-0.7845,2018-03-27 00:10:06,0.669,0.331,0.0,CNN,"President Trump has stayed in touch with Rob Porter, a former aide who resigned after accusations of spousal abuse‚Ä¶ https://t.co/0CcPRf1i0Y"
56,-0.7845,2018-03-27 00:10:06,0.669,0.331,0.0,CNN,"President Trump has stayed in touch with Rob Porter, a former aide who resigned after accusations of spousal abuse‚Ä¶ https://t.co/0CcPRf1i0Y"
65,-0.0516,2018-03-27 00:11:00,0.76,0.124,0.116,FoxNews,"""Everything that could go wrong was shutting down inside of me.‚Äù

Rocker @alicecooper, who says he  saw his good fr‚Ä¶ https://t.co/0O2BcQWf72"
165,-0.0516,2018-03-27 00:11:00,0.76,0.124,0.116,FoxNews,"""Everything that could go wrong was shutting down inside of me.‚Äù

Rocker @alicecooper, who says he  saw his good fr‚Ä¶ https://t.co/0O2BcQWf72"
55,-0.2584,2018-03-27 00:12:51,0.915,0.085,0.0,CNN,"RT @OutFrontCNN: ""You just can't have a person in that position who does not have a full security clearance"" - Joan Walsh of The Nation res‚Ä¶"
155,-0.2584,2018-03-27 00:12:51,0.915,0.085,0.0,CNN,"RT @OutFrontCNN: ""You just can't have a person in that position who does not have a full security clearance"" - Joan Walsh of The Nation res‚Ä¶"
54,0.0,2018-03-27 00:15:06,1.0,0.0,0.0,CNN,Wall Street's head-spinning reaction to trade headlines https://t.co/wHPLURl5BV https://t.co/i1AJ0jPopN
154,0.0,2018-03-27 00:15:06,1.0,0.0,0.0,CNN,Wall Street's head-spinning reaction to trade headlines https://t.co/wHPLURl5BV https://t.co/i1AJ0jPopN
83,0.5267,2018-03-27 00:17:05,0.812,0.0,0.188,nytimes,The Getty Conservation Institute helps solve the mystery of brown spots in King Tut‚Äôs burial chamber once and for a‚Ä¶ https://t.co/HstzedLBAa
183,0.5267,2018-03-27 00:17:05,0.812,0.0,0.188,nytimes,The Getty Conservation Institute helps solve the mystery of brown spots in King Tut‚Äôs burial chamber once and for a‚Ä¶ https://t.co/HstzedLBAa
53,-0.3818,2018-03-27 00:22:00,0.86,0.14,0.0,CNN,"Jared Kushner‚Äôs meetings are under investigation for potential conflicts, a letter from the Office of Government Et‚Ä¶ https://t.co/kUglZm2CcE"
153,-0.3818,2018-03-27 00:22:00,0.86,0.14,0.0,CNN,"Jared Kushner‚Äôs meetings are under investigation for potential conflicts, a letter from the Office of Government Et‚Ä¶ https://t.co/kUglZm2CcE"
164,-0.4151,2018-03-27 00:22:07,0.692,0.198,0.11,FoxNews,"EXCLUSIVE: American who escaped Al Qaeda captivity says FBI, under Mueller and Comey, betrayed him https://t.co/gA8TqBGZu9"
64,-0.4151,2018-03-27 00:22:07,0.692,0.198,0.11,FoxNews,"EXCLUSIVE: American who escaped Al Qaeda captivity says FBI, under Mueller and Comey, betrayed him https://t.co/gA8TqBGZu9"
152,-0.6486,2018-03-27 00:25:04,0.694,0.306,0.0,CNN,Mueller's critics are wrong about his role | By Michael Zeldin via @CNNOpinion https://t.co/5oN0lvV3nV https://t.co/LzDb4qcuAt
52,-0.6486,2018-03-27 00:25:04,0.694,0.306,0.0,CNN,Mueller's critics are wrong about his role | By Michael Zeldin via @CNNOpinion https://t.co/5oN0lvV3nV https://t.co/LzDb4qcuAt
151,-0.6808,2018-03-27 00:30:16,0.728,0.272,0.0,CNN,Killer Mike posted two videos on Sunday apologizing for a video interview he did with the NRA‚Ä¶ https://t.co/V3cMEoDV0W
51,-0.6808,2018-03-27 00:30:16,0.728,0.272,0.0,CNN,Killer Mike posted two videos on Sunday apologizing for a video interview he did with the NRA‚Ä¶ https://t.co/V3cMEoDV0W
82,0.0,2018-03-27 00:32:03,1.0,0.0,0.0,nytimes,"Investigators believe a man in Arizona was distributing performance-enhancing drugs on a massive, global scale, yet‚Ä¶ https://t.co/oEHmWEZaWQ"
182,0.0,2018-03-27 00:32:03,1.0,0.0,0.0,nytimes,"Investigators believe a man in Arizona was distributing performance-enhancing drugs on a massive, global scale, yet‚Ä¶ https://t.co/oEHmWEZaWQ"
150,0.4767,2018-03-27 00:35:04,0.838,0.0,0.162,CNN,Trump's approval rating is *this* close to Obama's and Reagan's | Analysis by CNN's Z. Byron Wolf‚Ä¶ https://t.co/EL7FdNDYaC
50,0.4767,2018-03-27 00:35:04,0.838,0.0,0.162,CNN,Trump's approval rating is *this* close to Obama's and Reagan's | Analysis by CNN's Z. Byron Wolf‚Ä¶ https://t.co/EL7FdNDYaC
163,-0.5574,2018-03-27 00:36:16,0.795,0.205,0.0,FoxNews,Work email ban after hours in New York City may become law (via @FoxBusiness) https://t.co/S3TpbZwEoU
63,-0.5574,2018-03-27 00:36:16,0.795,0.205,0.0,FoxNews,Work email ban after hours in New York City may become law (via @FoxBusiness) https://t.co/S3TpbZwEoU
49,-0.4019,2018-03-27 00:40:07,0.766,0.153,0.081,CNN,"A former NFL cheerleader, who was fired in part for an Instagram post that was deemed inappropriate, is alleging ge‚Ä¶ https://t.co/qlohRXB1ml"
149,-0.4019,2018-03-27 00:40:07,0.766,0.153,0.081,CNN,"A former NFL cheerleader, who was fired in part for an Instagram post that was deemed inappropriate, is alleging ge‚Ä¶ https://t.co/qlohRXB1ml"
148,0.4019,2018-03-27 00:45:05,0.803,0.0,0.197,CNN,"Arianna Huffington wants to help fix our ""culture of burnout"" https://t.co/DVjrNGcZWt https://t.co/rLd8rueFVp"
48,0.4019,2018-03-27 00:45:05,0.803,0.0,0.197,CNN,"Arianna Huffington wants to help fix our ""culture of burnout"" https://t.co/DVjrNGcZWt https://t.co/rLd8rueFVp"
81,-0.2023,2018-03-27 00:47:04,0.766,0.131,0.102,nytimes,President Trump has stayed in touch with Rob Porter and has told some advisers he hopes Porter returns to work in t‚Ä¶ https://t.co/1be8txo0YB
181,-0.2023,2018-03-27 00:47:04,0.766,0.131,0.102,nytimes,President Trump has stayed in touch with Rob Porter and has told some advisers he hopes Porter returns to work in t‚Ä¶ https://t.co/1be8txo0YB
147,0.3182,2018-03-27 00:50:03,0.897,0.0,0.103,CNN,"Most people don't think the ""law and order"" president respects the rule of law | Analysis by CNN's Gregory Krieg an‚Ä¶ https://t.co/ivKsF9ynqh"
47,0.3182,2018-03-27 00:50:03,0.897,0.0,0.103,CNN,"Most people don't think the ""law and order"" president respects the rule of law | Analysis by CNN's Gregory Krieg an‚Ä¶ https://t.co/ivKsF9ynqh"
46,0.0,2018-03-27 00:51:19,1.0,0.0,0.0,CNN,"RT @OutFrontCNN: After Sunday evening's wide-ranging and detailed interview on 60 Minutes, the President may need to hunker down - his 60 d‚Ä¶"
146,0.0,2018-03-27 00:51:19,1.0,0.0,0.0,CNN,"RT @OutFrontCNN: After Sunday evening's wide-ranging and detailed interview on 60 Minutes, the President may need to hunker down - his 60 d‚Ä¶"
62,0.0,2018-03-27 00:51:59,1.0,0.0,0.0,FoxNews,"Roger McNamee: ‚ÄúI think all of Silicon Valley needs to reassess why it‚Äôs in business, and recognize that they can b‚Ä¶ https://t.co/PDSf2NLJNf"
162,0.0,2018-03-27 00:51:59,1.0,0.0,0.0,FoxNews,"Roger McNamee: ‚ÄúI think all of Silicon Valley needs to reassess why it‚Äôs in business, and recognize that they can b‚Ä¶ https://t.co/PDSf2NLJNf"
145,-0.0258,2018-03-27 00:55:04,0.939,0.061,0.0,CNN,A former Obama White House official says the US government could have thwarted a Russian troll group's attempts to‚Ä¶ https://t.co/9WOOoArQUR
45,-0.0258,2018-03-27 00:55:04,0.939,0.061,0.0,CNN,A former Obama White House official says the US government could have thwarted a Russian troll group's attempts to‚Ä¶ https://t.co/9WOOoArQUR
44,0.4215,2018-03-27 01:00:25,0.833,0.0,0.167,CNN,"Bill Gates tells Nigerian leaders to ""face facts"" so they can make progress https://t.co/K245VTHQnl https://t.co/wqa0Ra2lck"
144,0.4215,2018-03-27 01:00:25,0.833,0.0,0.167,CNN,"Bill Gates tells Nigerian leaders to ""face facts"" so they can make progress https://t.co/K245VTHQnl https://t.co/wqa0Ra2lck"
180,0.0,2018-03-27 01:02:07,1.0,0.0,0.0,nytimes,Evening Briefing: Here's what you need to know at the end of the day https://t.co/PGHd4PlLBN
80,0.0,2018-03-27 01:02:07,1.0,0.0,0.0,nytimes,Evening Briefing: Here's what you need to know at the end of the day https://t.co/PGHd4PlLBN
43,0.0,2018-03-27 01:05:05,1.0,0.0,0.0,CNN,"In her first trip to New York's capital since announcing her mayoral campaign, actress Cynthia Nixon referred to Go‚Ä¶ https://t.co/ucdHObQglE"
143,0.0,2018-03-27 01:05:05,1.0,0.0,0.0,CNN,"In her first trip to New York's capital since announcing her mayoral campaign, actress Cynthia Nixon referred to Go‚Ä¶ https://t.co/ucdHObQglE"
142,0.0,2018-03-27 01:10:02,1.0,0.0,0.0,CNN,"""For every article about Facebook's creepy stalker behavior, thousands of other companies are breathing a collectiv‚Ä¶ https://t.co/I73hKkxFSS"
42,0.0,2018-03-27 01:10:02,1.0,0.0,0.0,CNN,"""For every article about Facebook's creepy stalker behavior, thousands of other companies are breathing a collectiv‚Ä¶ https://t.co/I73hKkxFSS"
161,0.4019,2018-03-27 01:10:24,0.691,0.115,0.194,FoxNews,.@GarySinise talks new initiative for children of fallen vets: 'The cost of freedom is very high' https://t.co/YGP74TbKiJ
61,0.4019,2018-03-27 01:10:24,0.691,0.115,0.194,FoxNews,.@GarySinise talks new initiative for children of fallen vets: 'The cost of freedom is very high' https://t.co/YGP74TbKiJ
141,-0.6597,2018-03-27 01:15:07,0.5,0.372,0.128,CNN,The Dow surges 669 points as trade war fears cool https://t.co/RjL3HozLCy https://t.co/T2qnWB0x03
41,-0.6597,2018-03-27 01:15:07,0.5,0.372,0.128,CNN,The Dow surges 669 points as trade war fears cool https://t.co/RjL3HozLCy https://t.co/T2qnWB0x03
140,-0.2732,2018-03-27 01:20:05,0.884,0.116,0.0,CNN,"Democratic Sen. Bob Menendez warned that Interior Secretary Ryan Zinke is moving toward a ""lily-white"" agency with‚Ä¶ https://t.co/uOCj7JrVtc"
40,-0.2732,2018-03-27 01:20:05,0.884,0.116,0.0,CNN,"Democratic Sen. Bob Menendez warned that Interior Secretary Ryan Zinke is moving toward a ""lily-white"" agency with‚Ä¶ https://t.co/uOCj7JrVtc"
60,0.0,2018-03-27 01:20:29,1.0,0.0,0.0,FoxNews,"QUARRELING KOALAS: These two male koalas were caught wrestling in Australia, reportedly, over a female koala just o‚Ä¶ https://t.co/P64M0YKYFn"
160,0.0,2018-03-27 01:20:29,1.0,0.0,0.0,FoxNews,"QUARRELING KOALAS: These two male koalas were caught wrestling in Australia, reportedly, over a female koala just o‚Ä¶ https://t.co/P64M0YKYFn"
